Time,Voltage,Current,Resistance,Avg Voltage,Avg Current,Error%
١١:١١:١٩ م,12.09,2.5,1019,12.14,2.49,0.38
١١:١١:٢٠ م,11.93,2.41,1014,11.9,2.42,0.29
١١:١١:٢١ م,11.75,2.33,997,11.74,2.34,0.05
١١:١١:٢٢ م,11.74,2.41,981,11.78,2.4,0.35
١١:١١:٢٣ م,11.91,2.34,995,11.91,2.36,0.05
١١:١١:٢٤ م,11.84,2.26,1007,11.83,2.27,0.09
١١:١١:٢٥ م,11.69,2.19,1031,11.66,2.19,0.25
١١:١١:٢٦ م,11.75,2.19,1047,11.74,2.17,0.04
١١:١١:٢٧ م,11.94,2.18,1069,11.92,2.2,0.11
١١:١١:٢٨ م,11.96,2.19,1078,11.99,2.19,0.21
١١:١١:٢٩ م,11.99,2.28,1092,12.02,2.3,0.24
١١:١١:٣٠ م,12.15,2.31,1089,12.11,2.3,0.36
١١:١١:٣١ م,12.14,2.41,1103,12.17,2.41,0.2
١١:١١:٣٢ م,12.03,2.37,1093,12.05,2.35,0.15
١١:١١:٣٣ م,12.07,2.32,1080,12.05,2.33,0.22
١١:١١:٣٤ م,12.17,2.37,1071,12.14,2.39,0.3
١١:١١:٣٥ م,12.2,2.34,1066,12.17,2.36,0.23
١١:١١:٣٦ م,12.2,2.44,1042,12.16,2.44,0.33
١١:١١:٣٧ م,12.13,2.49,1017,12.09,2.46,0.32
١١:١١:٣٨ م,12.06,2.49,1006,12.07,2.48,0.06
١١:١١:٣٩ م,12.2,2.49,1024,12.16,2.51,0.32
١١:١١:٤٠ م,12.18,2.5,1023,12.16,2.52,0.19
١١:١١:٤١ م,12.24,2.41,1030,12.25,2.41,0.11
١١:١١:٤٢ م,12.22,2.4,1036,12.22,2.42,0.01
١١:١١:٤٣ م,12.29,2.34,1035,12.26,2.32,0.27
١١:١١:٤٤ م,12.18,2.36,1040,12.17,2.35,0.09
١١:١١:٤٥ م,12.05,2.41,1034,12.01,2.42,0.36
١١:١١:٤٦ م,12.09,2.46,1018,12.1,2.48,0.01
١١:١١:٤٧ م,12.13,2.53,1042,12.12,2.53,0.08
١١:١١:٤٨ م,12.26,2.62,1018,12.23,2.63,0.27
١١:١١:٤٩ م,12.1,2.57,1023,12.11,2.55,0.11
١١:١١:٥٠ م,12.01,2.6,1033,12,2.62,0.03
١١:١١:٥١ م,12.19,2.61,1028,12.2,2.59,0.15
١١:١١:٥٢ م,12.07,2.61,1052,12.06,2.62,0.16
١١:١١:٥٣ م,11.91,2.65,1034,11.88,2.66,0.23
١١:١١:٥٤ م,11.8,2.74,1017,11.81,2.73,0.1
١١:١١:٥٥ م,11.94,2.72,1002,11.98,2.74,0.35
١١:١١:٥٦ م,11.8,2.74,994,11.85,2.73,0.34
١١:١١:٥٧ م,11.98,2.78,991,12,2.77,0.18
١١:١١:٥٨ م,11.82,2.78,1010,11.84,2.77,0.18
١١:١١:٥٩ م,11.99,2.84,1010,11.96,2.83,0.29
١١:١٢:٠٠ م,11.93,2.74,1031,11.92,2.74,0.07
١١:١٢:٠١ م,11.85,2.68,1036,11.9,2.67,0.41
١١:١٢:٠٢ م,11.98,2.61,1059,11.96,2.61,0.17
١١:١٢:٠٣ م,11.98,2.57,1079,11.95,2.58,0.31
١١:١٢:٠٤ م,11.87,2.5,1094,11.84,2.49,0.26
١١:١٢:٠٥ م,12.03,2.58,1115,12.06,2.59,0.22
١١:١٢:٠٦ م,11.87,2.65,1117,11.84,2.64,0.26
١١:١٢:٠٧ م,12.03,2.69,1115,12.05,2.71,0.14
١١:١٢:٠٨ م,12.16,2.72,1135,12.16,2.74,0.07
١١:١٢:٠٩ م,12.14,2.65,1134,12.1,2.65,0.34
١١:١٢:١٠ م,12.05,2.72,1142,12.08,2.73,0.27
١١:١٢:١١ م,11.95,2.7,1150,11.95,2.72,0.03
١١:١٢:١٢ م,11.77,2.78,1125,11.76,2.79,0.13
١١:١٢:١٣ م,11.7,2.87,1141,11.72,2.86,0.2
١١:١٢:١٤ م,11.68,2.77,1129,11.63,2.77,0.42
١١:١٢:١٥ م,11.59,2.8,1108,11.6,2.8,0.11
١١:١٢:١٦ م,11.61,2.76,1094,11.66,2.73,0.36
١١:١٢:١٧ م,11.61,2.68,1115,11.65,2.7,0.4
١١:١٢:١٨ م,11.61,2.64,1102,11.56,2.63,0.37
١١:١٢:١٩ م,11.52,2.61,1088,11.49,2.6,0.29
١١:١٢:٢٠ م,11.47,2.6,1066,11.43,2.58,0.34
١١:١٢:٢١ م,11.32,2.63,1060,11.33,2.62,0.11
١١:١٢:٢٢ م,11.37,2.67,1043,11.33,2.69,0.29
١١:١٢:٢٣ م,11.21,2.71,1025,11.21,2.69,0.05
١١:١٢:٢٤ م,11.12,2.67,1012,11.11,2.65,0.09
١١:١٢:٢٥ م,11.22,2.61,1032,11.19,2.63,0.32
١١:١٢:٢٦ م,11.39,2.7,1031,11.38,2.67,0.08
١١:١٢:٢٧ م,11.44,2.69,1050,11.47,2.67,0.3
١١:١٢:٢٨ م,11.48,2.6,1057,11.44,2.59,0.3
١١:١٢:٢٩ م,11.35,2.52,1073,11.33,2.49,0.18
١١:١٢:٣٠ م,11.15,2.53,1079,11.19,2.52,0.3
١١:١٢:٣١ م,11.14,2.62,1064,11.18,2.63,0.38
١١:١٢:٣٢ م,11.19,2.64,1066,11.17,2.65,0.26
١١:١٢:٣٣ م,11.31,2.58,1060,11.29,2.57,0.24
١١:١٢:٣٤ م,11.18,2.56,1065,11.14,2.58,0.38
١١:١٢:٣٥ م,11.29,2.59,1052,11.3,2.57,0.11
١١:١٢:٣٦ م,11.37,2.52,1053,11.33,2.54,0.41
١١:١٢:٣٧ م,11.56,2.62,1065,11.59,2.61,0.26
١١:١٢:٣٨ م,11.43,2.65,1063,11.48,2.66,0.42
١١:١٢:٣٩ م,11.28,2.74,1056,11.27,2.72,0.1
١١:١٢:٤٠ م,11.15,2.79,1060,11.17,2.79,0.18
١١:١٢:٤١ م,11.32,2.82,1045,11.28,2.84,0.36
١١:١٢:٤٢ م,11.36,2.89,1070,11.35,2.9,0.07
١١:١٢:٤٣ م,11.18,2.9,1089,11.17,2.93,0.09
١١:١٢:٤٤ م,11.06,2.87,1107,11.1,2.88,0.32
١١:١٢:٤٥ م,11.21,2.83,1110,11.18,2.81,0.23
١١:١٢:٤٦ م,11.13,2.83,1104,11.18,2.82,0.43
١١:١٢:٤٧ م,11.18,2.9,1114,11.22,2.92,0.29
١١:١٢:٤٨ م,11.09,2.81,1093,11.11,2.79,0.2
١١:١٢:٤٩ م,10.97,2.85,1087,10.95,2.86,0.16
١١:١٢:٥٠ م,11.07,2.95,1100,11.11,2.94,0.32
١١:١٢:٥١ م,10.89,2.96,1096,10.85,2.95,0.35
١١:١٢:٥٢ م,11,2.95,1085,11.02,2.97,0.23
١١:١٢:٥٣ م,11.04,3.02,1068,11,3.05,0.34
١١:١٢:٥٤ م,11.02,3.1,1080,10.99,3.09,0.33
١١:١٢:٥٥ م,11.09,3.04,1083,11.13,3.06,0.31
١١:١٢:٥٦ م,11.16,3.03,1069,11.14,3.03,0.14
١١:١٢:٥٧ م,11.33,3.11,1093,11.34,3.12,0.11
١١:١٢:٥٨ م,11.51,3.09,1075,11.47,3.11,0.36
١١:١٩:٣٣ م,11.88,2.55,985,11.87,2.54,0.06
١١:١٩:٣٤ م,11.79,2.48,999,11.78,2.49,0.07
١١:١٩:٣٥ م,11.74,2.38,988,11.75,2.38,0.09
١١:١٩:٣٦ م,11.87,2.32,992,11.86,2.32,0.03
١١:١٩:٣٧ م,12.01,2.38,991,11.97,2.39,0.39
١١:١٩:٣٨ م,12.19,2.32,972,12.15,2.31,0.36
١١:١٩:٣٩ م,12.24,2.29,989,12.21,2.31,0.26
١١:١٩:٤٠ م,12.12,2.38,982,12.12,2.36,0.02
١١:١٩:٤١ م,11.98,2.43,999,11.95,2.43,0.21
١١:١٩:٤٢ م,12,2.44,976,12.04,2.46,0.4
١١:١٩:٤٣ م,11.81,2.5,993,11.84,2.51,0.19
١١:١٩:٤٤ م,11.83,2.4,1016,11.79,2.42,0.32
١١:١٩:٤٥ م,11.78,2.39,1021,11.77,2.41,0.13
١١:١٩:٤٦ م,11.86,2.47,1026,11.88,2.48,0.09
١١:١٩:٤٧ م,11.97,2.46,1041,11.92,2.48,0.41
١١:١٩:٤٨ م,11.98,2.55,1065,11.99,2.57,0.1
١١:١٩:٤٩ م,11.92,2.61,1070,11.94,2.59,0.17
١١:١٩:٥٠ م,11.92,2.54,1083,11.97,2.55,0.38
١١:١٩:٥١ م,11.76,2.55,1093,11.76,2.57,0.07
١١:١٩:٥٢ م,11.7,2.49,1091,11.69,2.5,0.15
١١:١٩:٥٣ م,11.64,2.48,1067,11.65,2.49,0.1
١١:١٩:٥٤ م,11.53,2.51,1049,11.53,2.5,0.01
١١:١٩:٥٥ م,11.41,2.48,1027,11.42,2.49,0.08
١١:١٩:٥٦ م,11.39,2.55,1010,11.39,2.56,0.01
١١:١٩:٥٧ م,11.39,2.49,1025,11.44,2.48,0.37
١١:١٩:٥٨ م,11.56,2.55,1029,11.61,2.53,0.41
١١:١٩:٥٩ م,11.62,2.59,1009,11.63,2.6,0.09
١١:٢٠:٠٠ م,11.66,2.67,989,11.61,2.66,0.42
١١:٢٠:٠١ م,11.52,2.59,1007,11.49,2.58,0.27
١١:٢٠:٠٢ م,11.36,2.65,1026,11.39,2.64,0.23
١١:٢٠:٠٣ م,11.23,2.74,1048,11.19,2.73,0.31
١١:٢٠:٠٤ م,11.27,2.71,1035,11.23,2.69,0.38
١١:٢٠:٠٥ م,11.17,2.73,1034,11.15,2.72,0.18
١١:٢٠:٠٦ م,11.01,2.77,1054,10.98,2.78,0.23
١١:٢٠:٠٧ م,11.14,2.69,1034,11.1,2.69,0.34
١١:٢٠:٠٨ م,11.22,2.71,1042,11.19,2.73,0.24
١١:٢٠:٠٩ م,11.16,2.69,1030,11.11,2.69,0.43
١١:٢٠:١٠ م,11.05,2.77,1055,11.02,2.79,0.28
١١:٢٠:١١ م,10.97,2.82,1071,10.99,2.82,0.16
١١:٢٠:١٢ م,11.15,2.83,1089,11.19,2.82,0.31
١١:٢٠:١٣ م,11.16,2.77,1084,11.19,2.79,0.25
١١:٢٠:١٤ م,11.23,2.76,1094,11.18,2.77,0.44
١١:٢٠:١٥ م,11.17,2.67,1079,11.14,2.67,0.33
١١:٢٠:١٦ م,11.12,2.68,1065,11.16,2.68,0.38
١١:٢٠:١٧ م,11.3,2.78,1072,11.29,2.8,0.1
١١:٢٠:١٨ م,11.1,2.85,1095,11.09,2.87,0.1
١١:٢٠:١٩ م,11.27,2.8,1090,11.24,2.78,0.26
١١:٢٠:٢٠ م,11.31,2.86,1076,11.35,2.87,0.4
١١:٢٠:٢١ م,11.11,2.93,1099,11.1,2.91,0.15
١١:٢٠:٢٢ م,11.25,2.99,1115,11.29,3,0.29
١١:٢٠:٢٣ م,11.09,2.95,1105,11.06,2.96,0.25
١١:٢٠:٢٤ م,11.02,2.98,1118,11.03,2.97,0.07
١١:٢٠:٢٥ م,10.87,3.05,1107,10.84,3.06,0.29
١١:٢٠:٢٦ م,10.99,2.99,1084,10.99,2.99,0.01
١١:٢٠:٢٧ م,11.17,3.05,1071,11.15,3.08,0.18
١١:٢٠:٢٨ م,11.27,3.01,1091,11.24,2.99,0.23
١١:٢٠:٢٩ م,11.2,3.06,1088,11.17,3.07,0.24
١١:٢٠:٣٠ م,11.05,3.07,1107,11.01,3.06,0.34
١١:٢٠:٣١ م,11.06,2.99,1131,11.02,2.98,0.42
١١:٢٠:٣٢ م,11.07,2.99,1131,11.06,2.98,0.09
١١:٢٠:٣٣ م,11.17,2.96,1135,11.2,2.97,0.28
١١:٢٨:٠١ م,12.18,2.57,1009,12.14,2.59,0.3
١١:٢٨:٠٢ م,12.07,2.56,1029,12.1,2.55,0.27
١١:٢٨:٠٣ م,11.99,2.52,1008,11.97,2.51,0.15
١١:٢٨:٠٤ م,12.19,2.48,1002,12.15,2.46,0.26
١١:٢٨:٠٥ م,12.14,2.56,979,12.18,2.56,0.35
١١:٢٨:٠٦ م,12.01,2.5,965,11.98,2.49,0.24
١١:٢٨:٠٧ م,12.06,2.47,957,12.07,2.46,0.02
١١:٢٨:٠٨ م,11.87,2.45,935,11.85,2.43,0.15
١١:٢٨:٠٩ م,11.93,2.55,921,11.94,2.57,0.11
١١:٢٨:١٠ م,11.9,2.5,900,11.89,2.48,0.12
١١:٢٨:١١ م,12.01,2.58,888,12.03,2.59,0.18
١١:٢٨:١٢ م,11.92,2.6,889,11.95,2.6,0.29
١١:٢٨:١٣ م,11.8,2.62,877,11.77,2.64,0.3
١١:٢٨:١٤ م,11.67,2.55,899,11.62,2.56,0.36
١١:٢٨:١٥ م,11.82,2.48,883,11.78,2.49,0.32
١١:٢٨:١٦ م,11.9,2.5,858,11.87,2.51,0.25
١١:٢٨:١٧ م,12.06,2.56,879,12.02,2.56,0.39
١١:٢٨:١٨ م,11.97,2.54,903,11.92,2.56,0.39
١١:٢٨:١٩ م,11.87,2.46,885,11.84,2.46,0.2
١١:٢٨:٢٠ م,11.92,2.48,878,11.87,2.48,0.38
١١:٢٨:٢١ م,11.84,2.43,892,11.81,2.46,0.31
١١:٢٨:٢٢ م,11.66,2.38,897,11.66,2.36,0.01
١١:٢٨:٢٣ م,11.83,2.36,884,11.87,2.34,0.36
١١:٢٨:٢٤ م,11.67,2.29,899,11.64,2.31,0.21
١١:٢٨:٢٥ م,11.61,2.34,894,11.61,2.34,0.02
١١:٢٨:٢٦ م,11.75,2.39,871,11.79,2.41,0.33
١١:٢٨:٢٧ م,11.58,2.41,857,11.56,2.4,0.18
١١:٢٨:٢٨ م,11.45,2.45,836,11.45,2.46,0.01
١١:٢٨:٢٩ م,11.29,2.42,858,11.3,2.42,0.03
١١:٢٨:٣٠ م,11.38,2.33,876,11.42,2.32,0.3
١١:٢٨:٣١ م,11.54,2.29,899,11.58,2.31,0.39
١١:٢٨:٣٢ م,11.35,2.37,880,11.32,2.35,0.33
١١:٢٨:٣٣ م,11.28,2.41,856,11.25,2.4,0.23
١١:٢٨:٣٤ م,11.4,2.41,863,11.36,2.4,0.4
١١:٢٨:٣٥ م,11.21,2.42,860,11.26,2.44,0.39
١١:٢٨:٣٦ م,11.06,2.35,875,11.01,2.35,0.44
١١:٢٨:٣٧ م,10.99,2.32,851,10.95,2.31,0.31
١١:٢٨:٣٨ م,11.06,2.25,852,11.07,2.25,0.07
١١:٢٨:٣٩ م,11.07,2.18,845,11.11,2.16,0.34
١١:٢٨:٤٠ م,10.94,2.2,829,10.91,2.21,0.32
١١:٢٨:٤١ م,10.92,2.15,822,10.96,2.15,0.36
١١:٢٨:٤٢ م,10.8,2.17,824,10.84,2.17,0.36
١١:٢٨:٤٣ م,10.86,2.24,820,10.85,2.24,0.07
١١:٢٨:٤٤ م,10.73,2.14,834,10.73,2.13,0
١١:٢٨:٤٥ م,10.85,2.12,854,10.82,2.12,0.29
١١:٢٨:٤٦ م,10.9,2.21,859,10.9,2.23,0.06
١١:٢٨:٤٧ م,11.09,2.27,867,11.14,2.27,0.41
١١:٢٨:٤٨ م,11.01,2.36,885,11.02,2.35,0.07
١١:٢٨:٤٩ م,10.86,2.37,870,10.86,2.37,0.05
١١:٢٨:٥٠ م,10.98,2.29,863,11.02,2.27,0.28
١١:٢٨:٥١ م,10.97,2.26,863,10.94,2.24,0.23
١١:٢٨:٥٢ م,10.92,2.32,848,10.91,2.33,0.02
١١:٢٨:٥٣ م,10.86,2.26,827,10.87,2.25,0.12
١١:٢٨:٥٤ م,11,2.17,814,11.05,2.18,0.44
١١:٢٨:٥٥ م,10.94,2.21,824,10.96,2.19,0.17
١١:٢٨:٥٦ م,11.13,2.21,819,11.13,2.22,0.06
١١:٢٨:٥٧ م,11.24,2.28,815,11.21,2.27,0.22
١١:٢٨:٥٨ م,11.25,2.35,831,11.21,2.37,0.3
١١:٢٨:٥٩ م,11.29,2.33,844,11.24,2.33,0.41
١١:٢٩:٠٠ م,11.33,2.34,855,11.29,2.36,0.32
١١:٢٩:٠١ م,11.49,2.32,866,11.46,2.33,0.3
١١:٢٩:٠٢ م,11.43,2.3,859,11.47,2.28,0.31
١١:٢٩:٠٣ م,11.26,2.33,852,11.25,2.33,0.08
١١:٢٩:٠٤ م,11.08,2.28,849,11.13,2.29,0.42
١١:٢٩:٠٥ م,11.08,2.29,846,11.04,2.28,0.36
١١:٢٩:٠٦ م,11.26,2.33,860,11.26,2.32,0.01
١١:٢٩:٠٧ م,11.37,2.42,850,11.32,2.4,0.41
١١:٢٩:٠٨ م,11.28,2.35,867,11.24,2.34,0.4
١١:٢٩:٠٩ م,11.43,2.36,849,11.41,2.39,0.23
١١:٢٩:١٠ م,11.62,2.33,849,11.63,2.33,0.09
١١:٢٩:١١ م,11.68,2.33,832,11.64,2.35,0.42
١١:٢٩:١٢ م,11.53,2.25,851,11.48,2.24,0.42
١١:٢٩:١٣ م,11.53,2.32,844,11.52,2.32,0.13
١١:٢٩:١٤ م,11.36,2.26,868,11.37,2.25,0.08
١١:٢٩:١٥ م,11.37,2.2,848,11.38,2.18,0.1
١١:٢٩:١٦ م,11.56,2.27,849,11.6,2.26,0.34
١١:٢٩:١٧ م,11.37,2.2,836,11.4,2.22,0.21
١١:٢٩:١٨ م,11.18,2.27,836,11.22,2.27,0.36
١١:٢٩:١٩ م,11.06,2.27,825,11.06,2.28,0.06
١١:٢٩:٢٠ م,10.95,2.25,846,10.92,2.26,0.27
١١:٢٩:٢١ م,10.8,2.18,863,10.76,2.18,0.38
١١:٢٩:٢٢ م,10.89,2.24,865,10.85,2.22,0.39
١١:٢٩:٢٣ م,10.95,2.28,856,10.93,2.29,0.11
١١:٢٩:٢٤ م,11.07,2.32,844,11.08,2.31,0.1
١١:٢٩:٢٥ م,10.91,2.36,830,10.91,2.37,0.04
١١:٢٩:٢٦ م,10.89,2.35,841,10.88,2.34,0.12
١١:٢٩:٢٧ م,11.09,2.39,860,11.06,2.39,0.24
١١:٢٩:٢٨ م,11.02,2.38,844,11.04,2.36,0.19
١١:٢٩:٢٩ م,10.99,2.41,858,10.95,2.41,0.32
١١:٢٩:٣٠ م,11.18,2.5,853,11.18,2.49,0.04
١١:٢٩:٣١ م,11.18,2.47,871,11.16,2.45,0.18
١١:٢٩:٣٢ م,11.03,2.56,887,11.01,2.55,0.18
١١:٢٩:٣٣ م,11.22,2.53,888,11.21,2.51,0.07
١١:٢٩:٣٤ م,11.13,2.45,891,11.12,2.45,0.06
١١:٢٩:٣٥ م,11.08,2.44,872,11.06,2.44,0.18
١١:٢٩:٣٦ م,10.96,2.46,877,10.96,2.45,0.06
١١:٢٩:٣٧ م,10.98,2.37,872,10.98,2.36,0.06
١١:٢٩:٣٨ م,10.8,2.38,876,10.79,2.36,0.08
١١:٢٩:٣٩ م,10.92,2.4,851,10.92,2.4,0.01
١١:٢٩:٤٠ م,10.74,2.49,868,10.76,2.5,0.17
١١:٢٩:٤١ م,10.89,2.47,873,10.88,2.49,0.12
١١:٢٩:٤٢ م,10.71,2.47,888,10.71,2.46,0.04
١١:٢٩:٤٣ م,10.7,2.44,909,10.67,2.41,0.29
١١:٢٩:٤٤ م,10.57,2.38,917,10.56,2.36,0.1
١١:٢٩:٤٥ م,10.42,2.33,936,10.41,2.33,0.18
١١:٢٩:٤٦ م,10.37,2.28,921,10.39,2.27,0.18
١١:٢٩:٤٧ م,10.37,2.24,931,10.42,2.22,0.42
١١:٢٩:٤٨ م,10.55,2.23,953,10.56,2.22,0.09
١١:٢٩:٤٩ م,10.65,2.16,975,10.61,2.17,0.37
١١:٢٩:٥٠ م,10.47,2.08,994,10.5,2.1,0.3
١١:٢٩:٥١ م,10.29,2.05,977,10.26,2.07,0.31
١١:٢٩:٥٢ م,10.29,1.98,974,10.26,1.99,0.33
١١:٢٩:٥٣ م,10.4,2.06,976,10.35,2.08,0.44
١١:٢٩:٥٤ م,10.31,2.16,998,10.3,2.18,0.18
١١:٢٩:٥٥ م,10.17,2.24,1013,10.12,2.25,0.43
١١:٢٩:٥٦ م,10.14,2.21,1016,10.13,2.18,0.08
١١:٢٩:٥٧ م,10.32,2.28,1034,10.28,2.27,0.41
١١:٢٩:٥٨ م,10.17,2.37,1057,10.2,2.36,0.25
١١:٢٩:٥٩ م,10.28,2.34,1035,10.32,2.36,0.34
١١:٣٠:٠٠ م,10.14,2.43,1029,10.19,2.42,0.48
١١:٣٠:٠١ م,10.09,2.47,1024,10.06,2.45,0.35
١١:٣٠:٠٢ م,10.22,2.55,1043,10.18,2.54,0.33
١١:٣٠:٠٣ م,10.39,2.62,1028,10.37,2.6,0.21
١١:٣٠:٠٤ م,10.57,2.68,1043,10.6,2.67,0.26
١١:٣٠:٠٥ م,10.67,2.71,1024,10.65,2.72,0.21
١١:٣٠:٠٦ م,10.61,2.76,1024,10.64,2.74,0.27
١١:٣٠:٠٧ م,10.79,2.7,1014,10.75,2.71,0.29
١١:٣٠:٠٨ م,10.66,2.8,1035,10.66,2.81,0.03
١١:٣٠:٠٩ م,10.62,2.75,1057,10.65,2.76,0.26
١١:٣٠:١٠ م,10.42,2.75,1070,10.42,2.77,0.01
١١:٣٠:١١ م,10.36,2.79,1070,10.37,2.81,0.08
١١:٣٠:١٢ م,10.18,2.73,1094,10.15,2.73,0.36
١١:٣٠:١٣ م,10.26,2.76,1073,10.27,2.77,0.1
١١:٣٠:١٤ م,10.16,2.72,1052,10.2,2.74,0.34
١١:٣٠:١٥ م,10.19,2.74,1034,10.24,2.74,0.44
١١:٣٠:١٦ م,10.15,2.7,1037,10.1,2.7,0.44
١١:٣٠:١٧ م,10.19,2.73,1045,10.24,2.76,0.47
١١:٣٠:١٨ م,10.25,2.72,1057,10.26,2.72,0.11
١١:٣٠:١٩ م,10.16,2.71,1057,10.14,2.69,0.24
١١:٣٠:٢٠ م,10.21,2.63,1066,10.23,2.63,0.2
١١:٣٠:٢١ م,10.01,2.68,1083,9.97,2.68,0.43
١١:٣٠:٢٢ م,9.86,2.73,1075,9.84,2.74,0.23
١١:٣٠:٢٣ م,9.76,2.74,1071,9.8,2.73,0.45
١١:٣٠:٢٤ م,9.8,2.83,1084,9.81,2.84,0.09
١١:٣٠:٢٥ م,9.94,2.85,1071,9.99,2.84,0.48
١١:٣٠:٢٦ م,9.96,2.82,1054,9.92,2.83,0.4
١١:٣٠:٢٧ م,10.01,2.84,1057,10.04,2.85,0.22
١١:٣٠:٢٨ م,10.11,2.76,1055,10.08,2.78,0.32
١١:٣٠:٢٩ م,10.09,2.82,1079,10.04,2.84,0.48
١١:٣٠:٣٠ م,9.96,2.89,1077,9.94,2.9,0.26
١١:٣٠:٣١ م,9.85,2.98,1082,9.88,2.99,0.23
١١:٣٠:٣٢ م,10.03,3.01,1082,10.01,3.01,0.26
١١:٣٠:٣٣ م,10.02,3.03,1095,10.04,3.04,0.25
١١:٣٠:٣٤ م,10.01,3.06,1119,10.05,3.06,0.42
١١:٣٠:٣٥ م,10.02,3.02,1138,10.06,3.01,0.44
١١:٣٠:٣٦ م,9.95,2.94,1155,9.94,2.95,0.06
١١:٣٠:٣٧ م,9.97,2.95,1150,9.99,2.93,0.18
١١:٣٠:٣٨ م,9.78,2.99,1148,9.74,2.98,0.38
١١:٣٠:٣٩ م,9.87,2.95,1164,9.83,2.97,0.39
١١:٣٠:٤٠ م,9.76,2.99,1165,9.76,2.99,0.04
١١:٣٠:٤١ م,9.63,3,1176,9.59,2.98,0.36
١١:٣٠:٤٢ م,9.5,2.98,1183,9.49,3,0.11
١١:٣٠:٤٣ م,9.32,2.93,1200,9.35,2.93,0.32
١١:٣٠:٤٤ م,9.25,2.87,1209,9.28,2.87,0.37
١١:٣٠:٤٥ م,9.25,2.93,1199,9.26,2.91,0.13
١١:٣٠:٤٦ م,9.12,2.93,1220,9.12,2.92,0.02
١١:٣٠:٤٧ م,8.94,2.97,1241,8.96,2.99,0.22
١١:٣٠:٤٨ م,8.79,2.91,1218,8.84,2.93,0.53
١١:٣٠:٤٩ م,8.86,2.81,1238,8.83,2.8,0.39
١١:٣٠:٥٠ م,8.7,2.76,1256,8.73,2.78,0.3
١١:٣٠:٥١ م,8.78,2.73,1259,8.82,2.75,0.48
١١:٣٠:٥٢ م,8.62,2.69,1272,8.65,2.7,0.36
١١:٣٠:٥٣ م,8.73,2.73,1270,8.76,2.74,0.27
١١:٣٠:٥٤ م,8.86,2.68,1293,8.88,2.69,0.25
١١:٣٠:٥٥ م,9.05,2.77,1279,9.03,2.78,0.13
١١:٣٠:٥٦ م,9.02,2.72,1263,8.99,2.72,0.29
١١:٣٠:٥٧ م,9.2,2.67,1282,9.21,2.66,0.08
١١:٣٠:٥٨ م,9.29,2.63,1306,9.32,2.64,0.41
١١:٣٠:٥٩ م,9.17,2.59,1295,9.19,2.58,0.18
١١:٣١:٠٠ م,8.99,2.63,1319,8.98,2.64,0.2
١١:٣١:٠١ م,9.18,2.6,1295,9.18,2.61,0.02
١١:٣١:٠٢ م,9.38,2.69,1296,9.34,2.71,0.45
١١:٣١:٠٣ م,9.24,2.63,1310,9.21,2.62,0.4
١١:٣١:٠٤ م,9.1,2.66,1302,9.1,2.66,0.06
١١:٣١:٠٥ م,8.92,2.61,1277,8.91,2.63,0.2
١١:٣١:٠٦ م,8.98,2.54,1274,8.95,2.52,0.33
١١:٣١:٠٧ م,8.94,2.54,1292,8.93,2.55,0.12
١١:٣١:٠٨ م,8.92,2.56,1289,8.96,2.58,0.45
١١:٣١:٠٩ م,9.05,2.62,1296,9.09,2.64,0.39
١١:٣١:١٠ م,9.13,2.62,1282,9.14,2.64,0.03
١١:٣١:١١ م,9.17,2.6,1297,9.21,2.58,0.43
١١:٣١:١٢ م,9.16,2.54,1310,9.19,2.52,0.36
١١:٣١:١٣ م,9.15,2.45,1312,9.14,2.48,0.12
١١:٣١:١٤ م,9.16,2.44,1306,9.15,2.44,0.12
١١:٣١:١٥ م,9.26,2.5,1310,9.28,2.5,0.31
١١:٣١:١٦ م,9.34,2.57,1321,9.37,2.55,0.24
١١:٣١:١٧ م,9.17,2.62,1340,9.13,2.6,0.43
١١:٣١:١٨ م,9.19,2.62,1351,9.22,2.62,0.31
١١:٣١:١٩ م,9.26,2.62,1327,9.29,2.59,0.31
١١:٣١:٢٠ م,9.4,2.56,1305,9.39,2.55,0.03
١١:٣١:٢١ م,9.36,2.65,1324,9.39,2.67,0.38
١١:٣١:٢٢ م,9.37,2.73,1341,9.42,2.73,0.5
١١:٣١:٢٣ م,9.49,2.83,1354,9.48,2.85,0.07
١١:٣١:٢٤ م,9.56,2.84,1335,9.53,2.82,0.31
١١:٣١:٢٥ م,9.74,2.9,1345,9.78,2.88,0.42
١١:٣١:٢٦ م,9.86,2.93,1335,9.85,2.96,0.08
١١:٣١:٢٧ م,9.8,2.94,1312,9.75,2.95,0.49
١١:٣١:٢٩ م,9.95,2.85,1321,9.92,2.83,0.33
١١:٣١:٣٠ م,9.84,2.87,1307,9.8,2.88,0.43
١١:٣١:٣١ م,9.81,2.94,1294,9.78,2.96,0.37
١١:٣١:٣٢ م,9.71,2.92,1298,9.75,2.92,0.43
١١:٣١:٣٣ م,9.79,2.86,1315,9.83,2.85,0.43
١١:٣١:٣٤ م,9.98,2.8,1334,9.93,2.79,0.49
١١:٣١:٣٥ م,9.82,2.75,1332,9.83,2.72,0.16
١١:٣١:٣٦ م,9.79,2.72,1334,9.76,2.72,0.28
١١:٣١:٣٧ م,9.88,2.73,1340,9.92,2.74,0.33
١١:٣١:٣٨ م,9.87,2.71,1359,9.92,2.71,0.47
١١:٣١:٣٩ م,10.01,2.66,1378,10.04,2.64,0.29
١١:٣١:٤٠ م,10,2.62,1393,9.97,2.64,0.33
١١:٣١:٤١ م,10.09,2.54,1369,10.05,2.54,0.4
١١:٣١:٤٢ م,10.05,2.46,1361,10.01,2.44,0.39
١١:٣١:٤٣ م,10.11,2.44,1360,10.1,2.43,0.1
١١:٣١:٤٤ م,10.03,2.35,1381,10.06,2.33,0.29
١١:٣١:٤٥ م,10.16,2.29,1362,10.16,2.28,0.02
١١:٣١:٤٦ م,10.18,2.24,1371,10.17,2.24,0.08
١١:٣١:٤٧ م,10.36,2.28,1373,10.35,2.28,0.02
١١:٣١:٤٨ م,10.38,2.35,1367,10.35,2.36,0.25
١١:٣١:٤٩ م,10.32,2.29,1343,10.37,2.3,0.48
١١:٣١:٥٠ م,10.15,2.2,1347,10.13,2.19,0.22
١١:٣١:٥١ م,10.05,2.12,1362,10.03,2.12,0.11
١١:٣١:٥٢ م,10.1,2.07,1354,10.12,2.04,0.22
١١:٣١:٥٣ م,10.18,1.99,1369,10.17,2,0.11
١١:٣١:٥٤ م,10.28,1.89,1375,10.33,1.92,0.46
١١:٣١:٥٥ م,10.11,1.99,1352,10.14,2,0.31
١١:٣١:٥٦ م,9.92,1.96,1347,9.97,1.96,0.48
١١:٣١:٥٧ م,9.9,1.96,1355,9.88,1.95,0.19
١١:٣١:٥٨ م,10.01,1.97,1354,10.05,1.96,0.43
١١:٣١:٥٩ م,10.02,1.94,1330,10,1.95,0.18
١١:٣٢:٠٠ م,10.18,1.86,1323,10.19,1.87,0.1
١١:٣٢:٠١ م,10.32,1.93,1341,10.36,1.94,0.4
١١:٣٢:٠٢ م,10.39,1.89,1364,10.41,1.9,0.19
١١:٣٢:٠٣ م,10.33,1.88,1366,10.32,1.88,0.04
١١:٣٢:٠٤ م,10.36,1.84,1387,10.38,1.83,0.24
١١:٣٢:٠٥ م,10.49,1.75,1374,10.52,1.74,0.32
١١:٣٢:٠٦ م,10.31,1.77,1373,10.34,1.79,0.3
١١:٣٢:٠٧ م,10.3,1.83,1360,10.3,1.81,0.02
١١:٣٢:٠٨ م,10.29,1.81,1354,10.31,1.83,0.13
١١:٣٢:٠٩ م,10.15,1.89,1344,10.18,1.92,0.29
١١:٣٢:١٠ م,10.02,1.82,1337,9.97,1.84,0.49
١١:٣٢:١١ م,9.96,1.88,1324,9.98,1.88,0.18
١١:٣٢:١٢ م,9.78,1.79,1315,9.79,1.78,0.16
١١:٣٢:١٣ م,9.66,1.77,1301,9.71,1.77,0.51
١١:٣٢:١٤ م,9.53,1.69,1282,9.52,1.7,0.1
١١:٣٢:١٥ م,9.42,1.74,1301,9.42,1.74,0.01
١١:٣٢:١٦ م,9.56,1.76,1288,9.57,1.78,0.15
١١:٣٢:١٧ م,9.71,1.74,1270,9.74,1.73,0.23
١١:٣٢:١٨ م,9.55,1.83,1289,9.5,1.83,0.48
١١:٣٢:١٩ م,9.51,1.8,1285,9.52,1.81,0
١١:٣٢:٢٠ م,9.59,1.72,1266,9.64,1.72,0.5
١١:٣٢:٢١ م,9.57,1.78,1268,9.56,1.8,0.07
١١:٣٢:٢٢ م,9.75,1.72,1260,9.79,1.71,0.42
١١:٣٢:٢٣ م,9.82,1.63,1245,9.82,1.65,0.01
١١:٣٢:٢٤ م,9.96,1.7,1262,10.01,1.71,0.45
١١:٣٢:٢٥ م,9.83,1.64,1263,9.87,1.64,0.45
١١:٣٢:٢٦ م,10.01,1.74,1276,9.99,1.75,0.17
١١:٣٢:٢٧ م,9.81,1.81,1282,9.83,1.8,0.23
١١:٣٢:٢٨ م,9.84,1.72,1259,9.81,1.72,0.36
١١:٣٢:٢٩ م,9.69,1.62,1274,9.7,1.61,0.17
١١:٣٢:٣٠ م,9.85,1.57,1254,9.87,1.55,0.17
١١:٣٢:٣١ م,9.79,1.52,1278,9.76,1.5,0.36
١١:٣٢:٣٢ م,9.79,1.56,1275,9.82,1.57,0.34
١١:٣٢:٣٣ م,9.89,1.64,1283,9.9,1.64,0.09
١١:٣٢:٣٤ م,10.02,1.62,1294,10.07,1.61,0.43
١١:٣٢:٣٥ م,9.84,1.54,1281,9.89,1.53,0.5
١١:٣٢:٣٦ م,10.01,1.5,1283,10.02,1.53,0.03
١١:٣٢:٣٧ م,9.88,1.55,1304,9.88,1.53,0.02
١١:٣٢:٣٨ م,10,1.54,1300,9.95,1.53,0.5
١١:٣٢:٣٩ م,10.19,1.53,1280,10.2,1.51,0.06
١١:٣٢:٤٠ م,9.99,1.46,1289,9.96,1.47,0.34
١١:٣٢:٤١ م,9.82,1.46,1303,9.85,1.48,0.27
١١:٣٢:٤٢ م,10,1.42,1280,9.99,1.44,0.08
١١:٣٢:٤٣ م,9.83,1.42,1291,9.8,1.44,0.31
١١:٣٢:٤٤ م,9.87,1.33,1314,9.86,1.32,0.1
١١:٣٢:٤٥ م,9.74,1.26,1336,9.72,1.26,0.15
١١:٣٢:٤٦ م,9.82,1.16,1315,9.84,1.16,0.22
١١:٣٢:٤٧ م,9.84,1.22,1310,9.82,1.2,0.19
١١:٣٢:٤٨ م,9.75,1.15,1309,9.72,1.16,0.25
١١:٣٢:٤٩ م,9.57,1.09,1288,9.61,1.08,0.38
١١:٣٢:٥٠ م,9.52,1.08,1308,9.5,1.09,0.23
١١:٣٢:٥١ م,9.61,1.02,1325,9.66,1.02,0.49
١١:٣٢:٥٢ م,9.61,1.09,1339,9.62,1.08,0.09
١١:٣٢:٥٣ م,9.42,1.05,1363,9.43,1.05,0.14
١١:٣٢:٥٤ م,9.54,0.98,1343,9.49,0.96,0.53
١١:٣٢:٥٥ م,9.73,1.03,1345,9.77,1.01,0.41
١١:٣٢:٥٦ م,9.69,0.98,1350,9.67,0.99,0.22
١١:٣٢:٥٧ م,9.8,0.9,1325,9.78,0.88,0.29
١١:٣٢:٥٨ م,9.89,0.96,1309,9.91,0.94,0.2
١١:٣٢:٥٩ م,10.01,0.92,1284,9.99,0.91,0.14
١١:٣٣:٠٠ م,10.14,1.01,1269,10.13,1.01,0.06
١١:٣٣:٠١ م,9.96,1.1,1255,9.97,1.08,0.13
١١:٣٣:٠٢ م,9.79,1.12,1270,9.75,1.14,0.41
١١:٣٣:٠٣ م,9.7,1.03,1256,9.7,1.03,0.01
١١:٣٣:٠٤ م,9.71,0.95,1278,9.66,0.97,0.44
١١:٣٣:٠٥ م,9.85,0.89,1301,9.88,0.91,0.23
١١:٣٣:٠٦ م,9.96,0.89,1282,9.93,0.92,0.37
١١:٣٣:٠٧ م,10.13,0.82,1279,10.14,0.83,0.11
١١:٣٣:٠٨ م,10.14,0.85,1277,10.09,0.86,0.46
١١:٣٣:٠٩ م,10.15,0.85,1281,10.18,0.86,0.26
١١:٣٣:١٠ م,10.05,0.85,1282,10.02,0.85,0.3
١١:٣٣:١١ م,10.13,0.93,1264,10.13,0.93,0.03
١١:٣٣:١٢ م,10.28,0.9,1262,10.33,0.88,0.48
١٠:٤٤:٥١ ص,11.97,2.41,1006,11.99,2.41,0.13
١٠:٤٤:٥٢ ص,11.86,2.36,1008,11.87,2.38,0.14
١٠:٤٤:٥٣ ص,11.66,2.31,1032,11.66,2.32,0.01
١٠:٤٤:٥٤ ص,11.65,2.4,1011,11.62,2.41,0.23
١٠:٤٤:٥٥ ص,11.47,2.46,990,11.45,2.44,0.2
١٠:٤٤:٥٦ ص,11.46,2.52,970,11.5,2.5,0.34
١٠:٤٤:٥٧ ص,11.66,2.54,946,11.66,2.51,0.06
١٠:٤٤:٥٨ ص,11.58,2.49,921,11.6,2.48,0.23
١٠:٤٤:٥٩ ص,11.63,2.42,909,11.66,2.45,0.2
١٠:٤٥:٠٠ ص,11.61,2.43,896,11.64,2.44,0.25
١٠:٤٥:٠١ ص,11.8,2.43,920,11.78,2.44,0.21
١٠:٤٥:٠٢ ص,11.75,2.48,930,11.72,2.47,0.27
١٠:٤٥:٠٣ ص,11.89,2.53,917,11.84,2.52,0.41
١٠:٤٥:٠٤ ص,11.99,2.54,892,11.96,2.53,0.27
١٠:٤٥:٠٥ ص,11.88,2.52,880,11.88,2.52,0.01
١٠:٤٥:٠٦ ص,12,2.6,888,11.95,2.61,0.37
١٠:٤٥:٠٧ ص,12.08,2.61,904,12.03,2.61,0.38
١٠:٤٥:٠٨ ص,11.94,2.63,917,11.93,2.64,0.09
١٠:٤٥:٠٩ ص,11.76,2.61,939,11.74,2.62,0.15
١٠:٤٥:١٠ ص,11.86,2.54,915,11.91,2.55,0.41
١٠:٤٥:١١ ص,11.74,2.55,892,11.72,2.56,0.19
١٠:٤٥:١٢ ص,11.74,2.51,895,11.77,2.51,0.32
١٠:٤٥:١٣ ص,11.7,2.61,898,11.74,2.62,0.3
١٠:٤٥:١٤ ص,11.69,2.64,898,11.68,2.64,0.11
١٠:٤٥:١٥ ص,11.73,2.57,882,11.72,2.57,0.12
١٠:٤٥:١٦ ص,11.68,2.48,883,11.69,2.48,0.08
١٠:٤٥:١٧ ص,11.49,2.41,906,11.49,2.39,0.05
١٠:٤٥:١٨ ص,11.64,2.38,924,11.6,2.36,0.37
١٠:٤٥:١٩ ص,11.78,2.31,914,11.77,2.29,0.07
١٠:٤٥:٢٠ ص,11.97,2.39,922,11.96,2.38,0.09
١٠:٤٥:٢١ ص,11.89,2.31,901,11.92,2.32,0.22
١٠:٤٥:٢٢ ص,11.78,2.25,883,11.82,2.26,0.36
١٠:٤٥:٢٣ ص,11.66,2.16,888,11.71,2.16,0.39
١٠:٤٥:٢٤ ص,11.49,2.08,866,11.49,2.09,0.04
١٠:٤٥:٢٥ ص,11.54,2.06,886,11.58,2.07,0.26
١٠:٤٥:٢٦ ص,11.63,2.12,883,11.62,2.13,0.09
١٠:٤٥:٢٧ ص,11.46,2.02,866,11.48,2.01,0.2
١٠:٤٥:٢٨ ص,11.48,1.94,848,11.44,1.94,0.43
١٠:٤٥:٢٩ ص,11.56,1.89,848,11.55,1.91,0.11
١٠:٤٥:٣٠ ص,11.74,1.82,828,11.73,1.83,0.1
١٠:٤٥:٣١ ص,11.82,1.83,817,11.78,1.85,0.31
١٠:٤٥:٣٢ ص,11.66,1.76,813,11.62,1.77,0.31
١٠:٤٥:٣٣ ص,11.68,1.83,834,11.7,1.85,0.18
١٠:٤٥:٣٤ ص,11.6,1.88,842,11.63,1.89,0.22
١٠:٤٥:٣٥ ص,11.54,1.86,864,11.55,1.85,0.08
١٠:٤٥:٣٦ ص,11.35,1.8,867,11.31,1.81,0.36
١٠:٤٥:٣٧ ص,11.37,1.83,857,11.33,1.82,0.42
١٠:٤٥:٣٨ ص,11.24,1.91,844,11.27,1.93,0.22
١٠:٤٥:٣٩ ص,11.14,1.98,866,11.15,1.97,0.06
١٠:٤٥:٤٠ ص,10.98,1.96,882,11,1.97,0.24
١٠:٤٥:٤١ ص,10.79,1.94,861,10.83,1.95,0.28
١٠:٤٥:٤٢ ص,10.6,1.88,873,10.64,1.9,0.35
١٠:٤٥:٤٣ ص,10.73,1.84,876,10.68,1.84,0.47
١٠:٤٥:٤٤ ص,10.66,1.82,900,10.7,1.82,0.39
١٠:٤٥:٤٥ ص,10.61,1.83,924,10.64,1.81,0.29
١٠:٤٥:٤٦ ص,10.67,1.9,912,10.63,1.92,0.38
١٠:٤٥:٤٧ ص,10.59,1.82,892,10.56,1.8,0.32
١٠:٤٥:٤٨ ص,10.47,1.88,917,10.5,1.86,0.27
١٠:٤٥:٤٩ ص,10.37,1.82,921,10.38,1.84,0.13
١٠:٤٥:٥٠ ص,10.21,1.82,901,10.25,1.84,0.4
١٠:٤٥:٥١ ص,10.19,1.81,914,10.22,1.82,0.22
١٠:٤٥:٥٢ ص,10.19,1.77,932,10.14,1.76,0.43
١٠:٤٥:٥٣ ص,10.31,1.68,943,10.31,1.66,0.09
١٠:٤٥:٥٤ ص,10.43,1.65,944,10.46,1.66,0.24
١٠:٤٥:٥٥ ص,10.56,1.7,932,10.54,1.68,0.13
١٠:٤٥:٥٦ ص,10.61,1.77,928,10.56,1.8,0.46
١٠:٤٥:٥٧ ص,10.8,1.86,945,10.77,1.87,0.24
١٠:٤٥:٥٨ ص,10.96,1.88,946,11,1.89,0.29
١٠:٤٥:٥٩ ص,11.16,1.88,951,11.16,1.89,0.02
١٠:٤٦:٠٠ ص,10.97,1.88,928,10.93,1.88,0.39
١٠:٤٦:٠١ ص,10.87,1.84,909,10.9,1.83,0.22
١٠:٤٦:٠٢ ص,10.72,1.94,911,10.68,1.92,0.4
١٠:٤٦:٠٣ ص,10.8,1.91,925,10.85,1.89,0.45
١٠:٤٦:٠٤ ص,10.81,1.92,938,10.79,1.9,0.17
١٠:٤٦:٠٥ ص,11.01,1.96,925,11.01,1.94,0
١٠:٤٦:٠٦ ص,11.17,2.05,902,11.22,2.04,0.44
١٠:٤٦:٠٧ ص,11.13,2.08,905,11.11,2.07,0.19
١٠:٤٦:٠٨ ص,11.11,2.15,895,11.07,2.17,0.38
١٠:٤٦:٠٩ ص,11.3,2.07,886,11.28,2.06,0.18
١٠:٤٦:١٠ ص,11.14,2.11,870,11.12,2.1,0.17
١٠:٤٦:١١ ص,11.19,2.08,853,11.18,2.1,0.03
١٠:٤٦:١٢ ص,11.05,2.11,860,11.04,2.11,0.15
١٠:٤٦:١٣ ص,11.21,2.17,880,11.26,2.16,0.42
١٠:٤٦:١٤ ص,11.03,2.17,880,11.03,2.18,0.02
١٠:٤٦:١٥ ص,10.84,2.09,893,10.85,2.11,0.13
١٠:٤٦:١٦ ص,10.91,2.16,872,10.95,2.14,0.32
١٠:٤٦:١٧ ص,10.86,2.24,869,10.85,2.23,0.06
١٠:٤٦:١٨ ص,10.94,2.17,866,10.99,2.15,0.41
١٠:٤٦:١٩ ص,10.81,2.12,884,10.83,2.13,0.18
١٠:٤٦:٢٠ ص,10.74,2.19,877,10.71,2.2,0.24
١٠:٤٦:٢١ ص,10.54,2.11,853,10.57,2.09,0.28
١٠:٤٦:٢٢ ص,10.5,2.08,832,10.5,2.1,0.03
١٠:٤٦:٢٣ ص,10.65,1.99,829,10.6,1.99,0.43
١٠:٤٦:٢٤ ص,10.58,1.93,847,10.62,1.93,0.35
١٠:٤٦:٢٥ ص,10.73,1.91,852,10.73,1.93,0.04
١٠:٤٦:٢٦ ص,10.89,2.01,857,10.9,2.02,0.11
١٠:٤٦:٢٧ ص,11.08,2.07,850,11.07,2.05,0.09
١٠:٤٦:٢٨ ص,11.06,2.01,826,11.1,2.02,0.37
١٠:٤٦:٢٩ ص,10.97,2.05,838,10.96,2.06,0.07
١٠:٤٦:٣٠ ص,10.86,2.02,842,10.86,2.04,0.01
١٠:٤٦:٣١ ص,10.84,2.1,840,10.79,2.09,0.43
١٠:٤٦:٣٣ ص,10.81,2.16,842,10.82,2.16,0.07
١٠:٤٦:٣٤ ص,10.91,2.24,857,10.95,2.24,0.39
١٠:٤٦:٣٥ ص,10.86,2.26,875,10.87,2.24,0.04
١٠:٤٦:٣٦ ص,10.93,2.32,857,10.96,2.3,0.28
١٠:٤٦:٣٧ ص,10.88,2.35,866,10.87,2.34,0.11
١٠:٤٦:٣٨ ص,10.96,2.43,858,10.95,2.43,0.11
١٠:٤٦:٣٩ ص,10.86,2.45,845,10.83,2.45,0.27
١٠:٤٦:٤٠ ص,10.94,2.35,846,10.96,2.36,0.23
١٠:٤٦:٤١ ص,10.92,2.45,859,10.87,2.44,0.43
١٠:٤٦:٤٢ ص,10.88,2.42,842,10.92,2.4,0.35
١٠:٤٦:٤٣ ص,10.96,2.36,828,10.93,2.34,0.28
١٠:٤٦:٤٤ ص,10.79,2.36,805,10.83,2.34,0.39
١٠:٤٦:٤٥ ص,10.96,2.44,826,10.99,2.44,0.24
١٠:٤٦:٤٦ ص,10.95,2.49,840,10.99,2.48,0.29
١٠:٤٦:٤٧ ص,11.02,2.51,855,10.99,2.48,0.35
١٠:٤٦:٤٨ ص,11.17,2.53,879,11.12,2.52,0.42
١٠:٤٦:٤٩ ص,11.19,2.52,877,11.21,2.54,0.17
١٠:٤٦:٥٠ ص,11.06,2.55,880,11.08,2.55,0.22
١٠:٤٦:٥١ ص,10.98,2.63,862,10.97,2.63,0.09
١٠:٤٦:٥٢ ص,11,2.68,860,10.98,2.66,0.15
١٠:٤٦:٥٣ ص,11.2,2.61,866,11.21,2.61,0.06
١٠:٤٦:٥٤ ص,11.4,2.69,843,11.4,2.69,0.07
١٠:٤٦:٥٥ ص,11.38,2.68,839,11.38,2.68,0.01
١٠:٤٦:٥٦ ص,11.53,2.75,851,11.53,2.76,0.04
١٠:٤٦:٥٧ ص,11.42,2.73,871,11.41,2.71,0.09
١٠:٤٦:٥٨ ص,11.34,2.81,869,11.35,2.8,0.1
١٠:٤٦:٥٩ ص,11.28,2.85,873,11.25,2.85,0.25
١٠:٤٧:٠٠ ص,11.25,2.87,855,11.23,2.85,0.19
١٠:٤٧:٠١ ص,11.24,2.95,873,11.25,2.96,0.03
١٠:٤٧:٠٢ ص,11.31,2.94,880,11.32,2.96,0.09
١٠:٤٧:٠٣ ص,11.14,3.04,859,11.14,3.02,0.01
١٠:٤٧:٠٤ ص,11.25,3.09,846,11.26,3.07,0.15
١٠:٤٧:٠٥ ص,11.16,3.11,844,11.15,3.09,0.05
١٠:٤٧:٠٦ ص,11.3,3.17,821,11.29,3.16,0.09
١٠:٤٧:٠٧ ص,11.4,3.11,837,11.44,3.12,0.3
١٠:٤٧:٠٨ ص,11.22,3.07,861,11.24,3.06,0.2
١٠:٤٧:٠٩ ص,11.25,3.07,865,11.28,3.08,0.26
١٠:٤٧:١٠ ص,11.27,3.15,882,11.31,3.14,0.36
١٠:٤٧:١١ ص,11.33,3.18,870,11.28,3.18,0.41
١٠:٤٧:١٢ ص,11.49,3.14,867,11.47,3.14,0.1
١٠:٤٧:١٣ ص,11.32,3.12,859,11.37,3.13,0.42
١٠:٤٧:١٤ ص,11.35,3.2,862,11.35,3.2,0.04
١٠:٤٧:١٥ ص,11.51,3.21,841,11.51,3.19,0.04
١٠:٤٧:١٦ ص,11.68,3.29,860,11.72,3.31,0.41
١٠:٤٧:١٧ ص,11.86,3.32,877,11.86,3.32,0.05
١٠:٤٧:١٨ ص,12.05,3.37,880,12.01,3.38,0.32
١٠:٤٧:١٩ ص,11.95,3.37,899,11.92,3.38,0.25
١٠:٤٧:٢٠ ص,12.03,3.37,910,12.06,3.36,0.3
١٠:٤٧:٢١ ص,11.88,3.28,895,11.92,3.28,0.33
١٠:٤٧:٢٢ ص,11.82,3.34,893,11.78,3.36,0.3
١٠:٤٧:٢٣ ص,11.74,3.36,909,11.77,3.34,0.27
١٠:٤٧:٢٤ ص,11.89,3.28,896,11.88,3.28,0.11
١٠:٤٧:٢٥ ص,11.85,3.37,871,11.88,3.34,0.22
١٠:٤٧:٢٦ ص,11.82,3.36,872,11.8,3.37,0.19
١٠:٤٧:٢٧ ص,11.79,3.43,885,11.78,3.41,0.13
١٠:٤٧:٢٨ ص,11.84,3.45,864,11.82,3.47,0.19
١٠:٤٧:٢٩ ص,11.94,3.52,867,11.94,3.5,0.01
١٠:٤٧:٣٠ ص,11.88,3.57,866,11.86,3.58,0.12
١٠:٤٧:٣١ ص,11.69,3.58,848,11.68,3.59,0.14
١٠:٤٧:٣٢ ص,11.8,3.49,831,11.81,3.48,0.04
١٠:٤٧:٣٣ ص,11.72,3.51,813,11.71,3.51,0.1
١٠:٤٧:٣٤ ص,11.84,3.5,824,11.87,3.51,0.27
١٠:٤٧:٣٥ ص,11.92,3.51,831,11.89,3.49,0.27
١٠:٤٧:٣٦ ص,11.96,3.52,822,11.93,3.53,0.29
١٠:٤٧:٣٧ ص,12.15,3.58,824,12.15,3.58,0.05
١٠:٤٧:٣٨ ص,12.13,3.59,816,12.16,3.57,0.31
١٠:٤٧:٣٩ ص,12.24,3.54,825,12.27,3.56,0.24
١٠:٤٧:٤٠ ص,12.28,3.49,844,12.27,3.49,0.06
١٠:٤٧:٤١ ص,12.09,3.46,845,12.09,3.46,0.04
١٠:٤٧:٤٢ ص,12.04,3.42,863,12.06,3.44,0.18
١٠:٤٧:٤٣ ص,12.04,3.48,863,12,3.46,0.33
١٠:٤٧:٤٤ ص,12.11,3.49,876,12.1,3.51,0.1
١٠:٤٧:٤٥ ص,12.07,3.55,859,12.04,3.53,0.23
١٠:٤٧:٤٦ ص,11.95,3.64,879,12,3.67,0.36
١٠:٤٧:٤٧ ص,11.93,3.63,883,11.91,3.64,0.17
١٠:٤٧:٤٨ ص,12.13,3.67,863,12.17,3.67,0.34
١٠:٤٧:٤٩ ص,12.29,3.59,852,12.27,3.57,0.18
١٠:٤٧:٥٠ ص,12.09,3.62,841,12.06,3.63,0.28
١٠:٤٧:٥١ ص,11.97,3.55,856,12,3.54,0.25
١٠:٤٧:٥٢ ص,12.16,3.49,839,12.2,3.49,0.33
١٠:٤٧:٥٣ ص,12.31,3.5,833,12.35,3.49,0.33
١٠:٤٧:٥٤ ص,12.31,3.59,840,12.28,3.58,0.27
١٠:٤٧:٥٥ ص,12.42,3.65,844,12.42,3.66,0
١٠:٤٧:٥٦ ص,12.24,3.59,823,12.28,3.61,0.34
١٠:٤٧:٥٧ ص,12.36,3.55,815,12.34,3.55,0.17
١٠:٤٧:٥٨ ص,12.23,3.46,807,12.21,3.48,0.13
١٠:٤٧:٥٩ ص,12.07,3.48,829,12.08,3.47,0.13
١٠:٤٨:٠٠ ص,11.99,3.46,828,11.98,3.45,0.08
١٠:٤٨:٠١ ص,12.12,3.4,823,12.12,3.41,0.03
١٠:٤٨:٠٢ ص,11.94,3.31,800,11.99,3.29,0.38
١٠:٤٨:٠٣ ص,12.06,3.29,815,12.08,3.31,0.15
١٠:٤٨:٠٤ ص,12.08,3.2,823,12.11,3.21,0.23
١٠:٤٨:٠٥ ص,11.99,3.16,804,12.01,3.17,0.15
١٠:٤٨:٠٦ ص,12.06,3.19,785,12.1,3.19,0.35
١٠:٤٨:٠٧ ص,12.04,3.15,791,12.06,3.13,0.1
١٠:٤٨:٠٨ ص,12.18,3.11,797,12.14,3.13,0.4
١٠:٤٨:٠٩ ص,12.02,3.14,789,12.07,3.14,0.4
١٠:٤٨:١٠ ص,12.17,3.08,769,12.12,3.06,0.37
١٠:٤٨:١١ ص,11.99,3.02,753,11.96,3.03,0.25
١٠:٤٨:١٢ ص,11.83,2.95,755,11.8,2.93,0.22
١٠:٤٨:١٣ ص,11.85,2.99,772,11.88,2.98,0.2
١٠:٤٨:١٤ ص,11.98,2.97,782,11.98,2.97,0.03
١٠:٤٨:١٥ ص,11.97,3.03,796,11.94,3.01,0.25
١٠:٤٨:١٦ ص,12.13,2.95,804,12.15,2.96,0.17
١٠:٤٨:١٧ ص,12.2,2.92,815,12.23,2.91,0.23
١٠:٤٨:١٨ ص,12.13,2.88,821,12.13,2.89,0.02
١٠:٤٨:١٩ ص,12.04,2.94,822,12,2.95,0.29
١٠:٤٨:٢٠ ص,11.94,2.86,832,11.89,2.85,0.41
١٠:٤٨:٢١ ص,11.98,2.88,835,11.97,2.86,0.1
١٠:٤٨:٢٢ ص,11.81,2.82,852,11.82,2.79,0.05
١٠:٤٨:٢٣ ص,11.91,2.76,852,11.89,2.76,0.19
١٠:٤٨:٢٤ ص,11.99,2.86,853,12,2.88,0.09
١٠:٤٨:٢٥ ص,12.14,2.88,864,12.11,2.86,0.23
١٠:٤٨:٢٦ ص,12.23,2.81,882,12.27,2.82,0.33
١٠:٤٨:٢٧ ص,12.19,2.76,895,12.22,2.77,0.22
١٠:٤٨:٢٨ ص,12.12,2.84,914,12.12,2.85,0.03
١٠:٤٨:٢٩ ص,12.25,2.87,914,12.21,2.89,0.3
١٠:٤٨:٣٠ ص,12.38,2.97,917,12.38,2.95,0.02
١٠:٤٨:٣١ ص,12.43,2.92,914,12.38,2.91,0.36
١٠:٤٨:٣٢ ص,12.52,2.93,934,12.52,2.92,0.04
١٠:٤٨:٣٣ ص,12.54,2.94,926,12.5,2.95,0.36
١٠:٤٨:٣٤ ص,12.64,2.99,925,12.65,2.97,0.05
١٠:٤٨:٣٥ ص,12.64,2.94,920,12.63,2.92,0.07
١٠:٤٨:٣٧ ص,12.78,2.89,908,12.78,2.9,0.02
١٠:٤٨:٣٨ ص,12.84,2.95,903,12.87,2.94,0.23
١٠:٤٨:٣٩ ص,12.93,3.03,895,12.91,3.03,0.19
١٠:٤٨:٤٠ ص,12.87,3.06,912,12.9,3.07,0.25
١٠:٤٨:٤١ ص,12.89,3.12,908,12.86,3.14,0.19
١٠:٤٨:٤٢ ص,13.08,3.07,931,13.09,3.09,0.08
١٠:٤٨:٤٣ ص,12.98,3.09,936,12.95,3.07,0.25
١٠:٤٨:٤٤ ص,12.91,3.13,935,12.89,3.12,0.21
١٠:٤٨:٤٥ ص,13.01,3.19,936,13.04,3.2,0.22
١٠:٤٨:٤٦ ص,13.07,3.12,960,13.02,3.09,0.32
١٠:٤٨:٤٧ ص,13.13,3.16,959,13.16,3.14,0.25
١٠:٤٨:٤٨ ص,12.98,3.23,973,13,3.22,0.15
١٠:٤٨:٤٩ ص,13.17,3.29,957,13.2,3.29,0.2
١٠:٤٨:٥٠ ص,13.02,3.23,980,12.99,3.24,0.19
١٠:٤٨:٥١ ص,13.06,3.23,966,13.05,3.24,0.06
١٠:٤٨:٥٢ ص,13.02,3.28,990,13.01,3.26,0.03
١٠:٤٨:٥٣ ص,12.9,3.19,1007,12.9,3.18,0.02
١٠:٤٨:٥٤ ص,12.99,3.1,996,13.02,3.1,0.16
١٠:٤٨:٥٥ ص,12.8,3.07,975,12.78,3.09,0.19
١٠:٤٨:٥٦ ص,12.9,3.03,996,12.91,3.01,0.09
١٠:٤٨:٥٧ ص,13.02,3.06,992,13.07,3.05,0.36
١٠:٤٨:٥٨ ص,13.17,3.05,1002,13.18,3.05,0.06
١٠:٤٨:٥٩ ص,13.23,3.03,977,13.22,3.01,0.06
١٠:٤٩:٠٠ ص,13.41,3.11,969,13.4,3.13,0.08
١٠:٤٩:٠١ ص,13.32,3.19,987,13.29,3.18,0.22
١٠:٤٩:٠٢ ص,13.23,3.1,982,13.25,3.09,0.15
١٠:٤٩:٠٣ ص,13.09,3.04,991,13.12,3.06,0.22
١٠:٤٩:٠٤ ص,13.26,3.14,967,13.26,3.16,0.04
١٠:٤٩:٠٥ ص,13.07,3.13,954,13.08,3.14,0.12
١٠:٤٩:٠٦ ص,12.88,3.07,978,12.85,3.08,0.22
١٠:٤٩:٠٧ ص,13.01,3.1,962,13,3.1,0.01
١٠:٤٩:٠٨ ص,12.93,3.18,981,12.93,3.16,0.03
١٠:٤٩:٠٩ ص,12.81,3.09,994,12.77,3.08,0.31
١٠:٤٩:١٠ ص,12.9,3,990,12.87,3.03,0.27
١٠:٤٩:١١ ص,12.98,3.06,992,12.93,3.07,0.36
١٠:٤٩:١٢ ص,13.11,2.97,1002,13.09,2.94,0.11
١٠:٤٩:١٣ ص,13,2.96,1001,12.96,2.96,0.3
١٠:٤٩:١٤ ص,13,2.92,986,13.05,2.94,0.34
١٠:٤٩:١٥ ص,12.87,2.95,973,12.87,2.93,0.02
١٠:٤٩:١٦ ص,12.73,2.93,995,12.73,2.93,0.01
١٠:٤٩:١٧ ص,12.57,2.89,990,12.58,2.9,0.06
١٠:٤٩:١٨ ص,12.5,2.83,974,12.45,2.83,0.39
١٠:٤٩:١٩ ص,12.63,2.78,958,12.64,2.78,0.09
١٠:٤٩:٢٠ ص,12.48,2.7,953,12.48,2.7,0.01
١٠:٤٩:٢١ ص,12.48,2.66,961,12.51,2.64,0.25
١٠:٤٩:٢٢ ص,12.36,2.63,973,12.36,2.63,0.01
١٠:٤٩:٢٣ ص,12.21,2.53,962,12.24,2.54,0.23
١٠:٤٩:٢٤ ص,12.34,2.46,969,12.35,2.46,0.09
١٠:٤٩:٢٥ ص,12.35,2.49,947,12.36,2.5,0.09
١٠:٤٩:٢٦ ص,12.18,2.42,953,12.13,2.41,0.39
١٠:٤٩:٢٧ ص,12.32,2.36,977,12.35,2.37,0.26
١٠:٤٩:٢٨ ص,12.47,2.33,999,12.47,2.31,0.01
١٠:٤٩:٢٩ ص,12.62,2.26,1021,12.66,2.26,0.27
١٠:٤٩:٣٠ ص,12.47,2.35,1035,12.44,2.34,0.25
١٠:٤٩:٣١ ص,12.28,2.44,1058,12.27,2.46,0.13
١٠:٤٩:٣٢ ص,12.33,2.53,1038,12.35,2.54,0.19
١٠:٤٩:٣٣ ص,12.51,2.47,1063,12.51,2.48,0.06
١٠:٤٩:٣٤ ص,12.47,2.49,1071,12.48,2.47,0.02
١٠:٤٩:٣٥ ص,12.36,2.48,1057,12.41,2.48,0.34
١٠:٤٩:٣٦ ص,12.44,2.56,1072,12.4,2.57,0.36
١٠:٤٩:٣٧ ص,12.37,2.5,1092,12.4,2.5,0.18
١٠:٤٩:٣٨ ص,12.56,2.53,1082,12.6,2.54,0.26
١٠:٤٩:٣٩ ص,12.64,2.48,1080,12.65,2.48,0.09
١٠:٤٩:٤٠ ص,12.76,2.51,1076,12.75,2.53,0.09
١٠:٤٩:٤١ ص,12.82,2.48,1082,12.78,2.47,0.28
١٠:٤٩:٤٢ ص,12.72,2.56,1101,12.76,2.56,0.36
١٠:٤٩:٤٣ ص,12.71,2.59,1104,12.74,2.6,0.18
١٠:٤٩:٤٤ ص,12.76,2.57,1080,12.8,2.56,0.36
١٠:٤٩:٤٥ ص,12.93,2.63,1090,12.9,2.65,0.24
١٠:٤٩:٤٦ ص,12.9,2.67,1113,12.87,2.65,0.23
١٠:٤٩:٤٧ ص,12.78,2.75,1116,12.81,2.76,0.22
١٠:٤٩:٤٨ ص,12.63,2.73,1130,12.61,2.72,0.17
١٠:٤٩:٤٩ ص,12.58,2.75,1137,12.58,2.73,0.02
١٠:٤٩:٥٠ ص,12.4,2.75,1122,12.42,2.75,0.13
١٠:٤٩:٥١ ص,12.56,2.66,1112,12.52,2.63,0.3
١٠:٤٩:٥٢ ص,12.54,2.75,1106,12.52,2.74,0.17
١٠:٤٩:٥٣ ص,12.64,2.8,1130,12.61,2.81,0.26
١٠:٤٩:٥٤ ص,12.82,2.79,1147,12.84,2.78,0.17
١٠:٤٩:٥٥ ص,12.73,2.8,1165,12.73,2.79,0.03
١٠:٤٩:٥٦ ص,12.68,2.76,1146,12.69,2.74,0.12
١٠:٤٩:٥٧ ص,12.68,2.73,1153,12.68,2.74,0.02
١٠:٤٩:٥٨ ص,12.64,2.63,1130,12.63,2.65,0.06
١٠:٤٩:٥٩ ص,12.79,2.72,1108,12.77,2.74,0.13
١٠:٥٠:٠٠ ص,12.91,2.76,1098,12.88,2.78,0.27
١٠:٥٠:٠١ ص,13.04,2.85,1081,13,2.86,0.35
١٠:٥٠:٠٢ ص,13.22,2.9,1085,13.25,2.89,0.2
١٠:٥٠:٠٣ ص,13.24,2.96,1072,13.22,2.98,0.16
١٠:٥٠:٠٤ ص,13.14,2.98,1053,13.14,3,0.04
١٠:٥٠:٠٥ ص,12.99,2.9,1066,13.04,2.89,0.37
١٠:٥٠:٠٦ ص,13.16,2.82,1079,13.13,2.82,0.21
١٠:٥٠:٠٧ ص,13.09,2.91,1094,13.12,2.9,0.29
١٠:٥٠:٠٨ ص,12.96,2.9,1071,12.95,2.9,0.06
١٠:٥٠:٠٩ ص,13.01,2.89,1075,12.97,2.87,0.29
١٠:٥٠:١٠ ص,13.11,2.85,1073,13.06,2.85,0.37
١٠:٥٠:١١ ص,13.01,2.87,1055,13.02,2.88,0.11
١٠:٥٠:١٢ ص,12.84,2.9,1071,12.86,2.91,0.13
١٠:٥٠:١٣ ص,12.66,2.88,1049,12.63,2.9,0.27
١٠:٥٠:١٤ ص,12.54,2.8,1058,12.54,2.81,0.02
١٠:٥٠:١٥ ص,12.35,2.85,1074,12.32,2.85,0.25
١٠:٥٠:١٦ ص,12.19,2.82,1055,12.18,2.83,0.09
١٠:٥٠:١٧ ص,12.17,2.8,1036,12.13,2.82,0.28
١٠:٥٠:١٨ ص,12.33,2.78,1033,12.34,2.76,0.16
١٠:٥٠:١٩ ص,12.27,2.7,1025,12.3,2.71,0.25
١٠:٥٠:٢٠ ص,12.39,2.78,1013,12.41,2.76,0.2
١٠:٥٠:٢١ ص,12.34,2.83,994,12.37,2.81,0.23
١٠:٥٠:٢٢ ص,12.42,2.73,999,12.43,2.75,0.09
١٠:٥٠:٢٣ ص,12.26,2.82,975,12.26,2.81,0.08
١٠:٥٠:٢٤ ص,12.13,2.89,994,12.15,2.87,0.15
١٠:٥٠:٢٥ ص,11.94,2.96,1003,11.9,2.95,0.34
١٠:٥٠:٢٦ ص,12.02,2.9,993,12.03,2.89,0.05
١٠:٥٠:٣٦ ص,11.91,2.82,999,11.91,2.82,0.01
١٠:٥٠:٣٧ ص,11.82,2.88,986,11.77,2.9,0.37
١٠:٥٠:٣٨ ص,11.72,2.81,977,11.74,2.79,0.21
١٠:٥٠:٣٩ ص,11.73,2.83,984,11.74,2.83,0.07
١٠:٥٠:٤٠ ص,11.89,2.83,999,11.87,2.82,0.15
١٠:٥١:٠١ ص,11.95,2.84,975,11.91,2.86,0.32
١٠:٥١:٠٢ ص,11.94,2.8,970,11.97,2.79,0.29
١٠:٥١:٠٣ ص,11.9,2.73,948,11.87,2.71,0.23
١٠:٥١:٠٤ ص,11.89,2.77,970,11.93,2.77,0.36
١٠:٥١:٠٥ ص,11.7,2.72,992,11.69,2.74,0.06
١٠:٥١:٠٦ ص,11.81,2.74,989,11.77,2.73,0.36
١٠:٥١:٠٧ ص,11.67,2.84,975,11.72,2.85,0.42
١٠:٥١:٠٨ ص,11.84,2.88,977,11.81,2.85,0.24
١٠:٥١:٠٩ ص,11.74,2.84,970,11.7,2.84,0.39
١٠:٥١:١٠ ص,11.92,2.9,981,11.9,2.92,0.16
١٠:٥١:١١ ص,12.09,3,964,12.07,3.01,0.16
١٠:٥١:١٢ ص,12.25,2.92,963,12.27,2.9,0.19
١٠:٥١:١٣ ص,12.28,2.83,983,12.27,2.82,0.11
١٠:٥١:١٤ ص,12.17,2.83,990,12.14,2.81,0.25
١٠:٥١:١٥ ص,12.23,2.91,999,12.24,2.91,0.13
١٠:٥١:١٦ ص,12.28,2.98,1015,12.28,2.99,0.06
١٠:٥١:١٧ ص,12.37,3,1020,12.34,3,0.27
١٠:٥١:١٨ ص,12.48,3.06,1026,12.43,3.04,0.37
١٠:٥١:١٩ ص,12.33,3.09,1024,12.32,3.07,0.11
١٠:٥١:٢٠ ص,12.53,3.09,1002,12.57,3.07,0.37
١٠:٥١:٢١ ص,12.42,3.01,1007,12.42,3.01,0.05
١٠:٥١:٢٢ ص,12.5,2.96,1020,12.52,2.94,0.16
١٠:٥١:٢٣ ص,12.67,3.02,1040,12.65,3.02,0.13
١٠:٥١:٢٤ ص,12.85,2.93,1061,12.9,2.94,0.37
١٠:٥١:٢٥ ص,12.67,3,1074,12.62,2.99,0.39
١٠:٥١:٢٦ ص,12.73,2.93,1057,12.72,2.9,0.07
١٠:٥١:٢٧ ص,12.78,3.02,1079,12.78,3.01,0.05
١٠:٥١:٢٨ ص,12.79,2.95,1102,12.77,2.95,0.18
١٠:٥١:٢٩ ص,12.96,2.93,1090,12.97,2.91,0.01
١٠:٥١:٣٠ ص,13.1,2.85,1089,13.09,2.84,0.06
١٠:٥١:٣١ ص,13.26,2.75,1065,13.27,2.77,0.12
١٠:٥١:٣٢ ص,13.43,2.83,1078,13.47,2.81,0.33
١٠:٥١:٣٣ ص,13.36,2.84,1059,13.34,2.87,0.15
١٠:٥١:٣٤ ص,13.24,2.91,1077,13.2,2.9,0.29
١٠:٥١:٣٥ ص,13.2,2.98,1063,13.23,2.97,0.23
١٠:٥١:٣٦ ص,13.17,3.02,1084,13.16,3.02,0.13
١٠:٥١:٣٧ ص,13.25,3.05,1082,13.29,3.05,0.32
١٠:٥١:٣٨ ص,13.27,3,1104,13.28,3.01,0.1
١٠:٥١:٣٩ ص,13.11,2.9,1106,13.09,2.9,0.14
١٠:٥١:٤٠ ص,13.08,2.95,1093,13.04,2.96,0.29
١٠:٥١:٤١ ص,13.22,2.89,1095,13.23,2.92,0.09
١٠:٥١:٤٢ ص,13.19,2.98,1084,13.15,2.98,0.28
١٠:٥١:٤٣ ص,13.04,2.91,1073,13.09,2.9,0.37
١٠:٥١:٤٤ ص,13,3,1061,12.96,3.01,0.29
١٠:٥١:٤٥ ص,13.17,3.04,1058,13.2,3.05,0.21
١٠:٥١:٤٦ ص,13.33,3.12,1076,13.34,3.12,0.06
١٠:٥١:٤٧ ص,13.53,3.06,1088,13.53,3.04,0
١٠:٥١:٤٨ ص,13.72,3.03,1090,13.69,3.01,0.19
١٠:٥١:٤٩ ص,13.78,2.94,1086,13.77,2.96,0.11
١٠:٥١:٥٠ ص,13.65,2.87,1088,13.62,2.87,0.18
١٠:٥١:٥١ ص,13.62,2.91,1072,13.67,2.89,0.35
١٠:٥١:٥٢ ص,13.77,2.9,1060,13.72,2.9,0.31
١٠:٥١:٥٤ ص,13.81,2.87,1077,13.79,2.88,0.14
١٠:٥١:٥٥ ص,13.7,2.82,1090,13.7,2.8,0.02
١٠:٥١:٥٦ ص,13.71,2.78,1094,13.73,2.78,0.17
١٠:٥١:٥٧ ص,13.53,2.71,1100,13.57,2.68,0.35
١٠:٥١:٥٨ ص,13.42,2.67,1086,13.37,2.68,0.3
١٠:٥١:٥٩ ص,13.29,2.73,1065,13.33,2.74,0.3
١٠:٥٢:٠٠ ص,13.34,2.7,1065,13.33,2.7,0.07
١٠:٥٢:٠١ ص,13.34,2.8,1058,13.38,2.81,0.32
١٠:٥٢:٠٢ ص,13.43,2.77,1070,13.42,2.74,0.09
١٠:٥٢:٠٣ ص,13.61,2.8,1092,13.6,2.81,0.01
١٠:٥٢:٠٤ ص,13.75,2.83,1104,13.75,2.85,0.02
١٠:٥٢:٠٥ ص,13.68,2.79,1119,13.71,2.79,0.22
١٠:٥٢:٠٦ ص,13.77,2.84,1096,13.82,2.83,0.3
١٠:٥٢:٠٧ ص,13.82,2.85,1119,13.79,2.85,0.21
١٠:٥٢:٠٨ ص,13.97,2.8,1133,13.96,2.8,0.11
١٠:٥٢:٠٩ ص,13.93,2.81,1136,13.91,2.79,0.12
١٠:٥٢:١٠ ص,13.95,2.86,1140,13.94,2.87,0.04
١٠:٥٢:١١ ص,13.92,2.82,1148,13.94,2.8,0.14
١٠:٥٢:١٢ ص,13.9,2.9,1134,13.9,2.91,0.04
١٠:٥٢:١٣ ص,14.06,2.91,1111,14.09,2.9,0.2
١٠:٥٢:١٤ ص,13.9,3,1094,13.91,3.02,0.04
١٠:٥٢:١٥ ص,14.05,2.93,1102,14.06,2.92,0.04
١٠:٥٢:١٦ ص,14.07,2.87,1110,14.06,2.87,0.09
١٠:٥٢:١٧ ص,14.09,2.88,1122,14.08,2.86,0.12
١٠:٥٢:١٨ ص,14,2.97,1139,14.02,2.98,0.19
١٠:٥٢:١٩ ص,13.94,2.93,1127,13.94,2.93,0.01
١٠:٥٢:٢٠ ص,14.06,2.87,1139,14.02,2.88,0.32
١٠:٥٢:٢١ ص,13.95,2.9,1142,13.92,2.89,0.16
١٠:٥٢:٢٢ ص,14.03,2.96,1129,13.99,2.98,0.33
١٠:٥٢:٢٣ ص,14.23,2.96,1144,14.19,2.97,0.28
١٠:٥٢:٢٤ ص,14.24,2.9,1160,14.21,2.92,0.23
١٠:٥٢:٢٥ ص,14.32,2.83,1176,14.28,2.83,0.24
١٠:٥٢:٢٦ ص,14.41,2.92,1165,14.41,2.9,0.04
١٠:٥٢:٢٧ ص,14.35,2.82,1181,14.34,2.84,0.08
١٠:٥٢:٢٨ ص,14.45,2.9,1189,14.47,2.92,0.1
١٠:٥٢:٢٩ ص,14.52,2.87,1169,14.56,2.87,0.31
١٠:٥٢:٣٠ ص,14.37,2.87,1160,14.33,2.84,0.32
١٠:٥٢:٣١ ص,14.19,2.94,1160,14.19,2.96,0
١٠:٥٢:٣٢ ص,14.22,2.99,1150,14.22,2.98,0.03
١٠:٥٢:٣٣ ص,14.2,3.02,1170,14.21,3.03,0.12
١٠:٥٢:٣٤ ص,14.09,3.12,1154,14.08,3.1,0.02
١٠:٥٢:٣٥ ص,14.04,3.04,1159,14.03,3.02,0.09
١٠:٥٢:٣٦ ص,14.02,3.05,1162,14.05,3.07,0.23
١٠:٥٢:٣٧ ص,13.99,3.09,1168,13.98,3.11,0.06
١٠:٥٢:٣٨ ص,13.8,3.05,1164,13.84,3.07,0.29
١٠:٥٢:٣٩ ص,13.89,3.13,1186,13.93,3.13,0.31
١٠:٥٢:٤٠ ص,13.93,3.13,1203,13.91,3.12,0.14
١٠:٥٢:٤١ ص,13.85,3.17,1226,13.89,3.18,0.33
١٠:٥٢:٤٢ ص,13.82,3.21,1247,13.77,3.2,0.36
١٠:٥٢:٤٣ ص,13.69,3.29,1247,13.71,3.28,0.13
١٠:٥٢:٤٤ ص,13.58,3.21,1225,13.6,3.19,0.18
١٠:٥٢:٤٥ ص,13.58,3.26,1240,13.57,3.26,0.04
١:٤٩:١٩ م,12.19,2.52,1013,12.15,2.51,0.29
١:٤٩:٢٠ م,12.33,2.58,1007,12.38,2.61,0.38
١:٤٩:٢١ م,12.51,2.58,991,12.48,2.55,0.24
١:٤٩:٢٢ م,12.51,2.64,1001,12.46,2.66,0.38
١:٤٩:٢٣ م,12.54,2.68,991,12.54,2.65,0.02
١:٤٩:٢٤ م,12.54,2.72,1012,12.54,2.72,0.06
١:٤٩:٢٥ م,12.48,2.69,1014,12.49,2.7,0.02
١:٤٩:٢٦ م,12.61,2.78,993,12.64,2.75,0.24
١:٤٩:٢٧ م,12.58,2.84,978,12.58,2.82,0.05
١:٤٩:٢٨ م,12.7,2.94,965,12.68,2.92,0.22
١:٤٩:٢٩ م,12.83,2.92,985,12.86,2.92,0.28
١:٤٩:٣٠ م,12.71,2.83,991,12.68,2.83,0.24
١:٤٩:٣١ م,12.81,2.77,973,12.79,2.77,0.14
١:٤٩:٣٢ م,12.69,2.7,995,12.69,2.73,0.01
١:٤٩:٣٣ م,12.71,2.79,986,12.72,2.79,0.06
١:٤٩:٣٤ م,12.69,2.82,982,12.66,2.84,0.28
١:٤٩:٣٥ م,12.53,2.74,990,12.51,2.75,0.12
١:٤٩:٣٦ م,12.65,2.65,966,12.62,2.64,0.24
١:٤٩:٣٧ م,12.68,2.69,978,12.71,2.69,0.21
١:٤٩:٣٨ م,12.59,2.61,1000,12.62,2.61,0.24
١:٤٩:٣٩ م,12.58,2.57,1020,12.6,2.59,0.13
١:٤٩:٤٠ م,12.43,2.51,1016,12.43,2.49,0.01
١:٤٩:٤١ م,12.42,2.6,1005,12.46,2.62,0.3
١:٤٩:٤٢ م,12.27,2.53,1017,12.28,2.54,0.11
١:٤٩:٤٣ م,12.39,2.56,1040,12.35,2.57,0.28
١:٤٩:٤٤ م,12.19,2.55,1038,12.2,2.56,0.03
١:٤٩:٤٥ م,12.01,2.48,1040,12.01,2.46,0.02
١:٤٩:٤٦ م,11.99,2.49,1031,12.02,2.49,0.23
١:٤٩:٤٧ م,12.05,2.44,1033,12.05,2.45,0.06
١:٤٩:٤٨ م,12.01,2.43,1031,12.01,2.41,0.02
١:٤٩:٤٩ م,11.82,2.41,1015,11.8,2.41,0.11
١:٤٩:٥٠ م,11.96,2.49,1007,12,2.47,0.36
١:٤٩:٥١ م,11.87,2.46,1016,11.85,2.46,0.14
١:٤٩:٥٢ م,11.78,2.41,1021,11.76,2.39,0.14
١:٤٩:٥٣ م,11.6,2.4,1015,11.57,2.39,0.3
١:٤٩:٥٤ م,11.48,2.46,1038,11.45,2.47,0.31
١:٤٩:٥٥ م,11.55,2.55,1050,11.53,2.56,0.19
١:٤٩:٥٦ م,11.39,2.45,1074,11.41,2.43,0.19
١:٤٩:٥٧ م,11.49,2.46,1091,11.52,2.45,0.25
١:٤٩:٥٨ م,11.46,2.52,1111,11.43,2.52,0.3
١:٤٩:٥٩ م,11.38,2.48,1126,11.43,2.5,0.41
١:٥٠:٠٠ م,11.53,2.45,1134,11.51,2.47,0.11
١:٥٠:٠١ م,11.67,2.45,1138,11.71,2.46,0.38
١:٥٠:٠٢ م,11.48,2.47,1144,11.46,2.47,0.13
١:٥٠:٠٣ م,11.47,2.43,1158,11.42,2.42,0.42
١:٥٠:٠٤ م,11.49,2.39,1150,11.45,2.39,0.33
١:٥٠:٠٥ م,11.56,2.48,1171,11.59,2.47,0.23
١:٥٠:٠٦ م,11.47,2.54,1155,11.45,2.52,0.15
١:٥٠:٠٧ م,11.33,2.48,1139,11.36,2.51,0.3
١:٥٠:٠٨ م,11.23,2.39,1141,11.23,2.41,0.03
١:٥٠:٠٩ م,11.4,2.4,1139,11.41,2.38,0.08
١:٥٠:١٠ م,11.35,2.37,1159,11.37,2.35,0.2
١:٥٠:١١ م,11.25,2.42,1151,11.22,2.44,0.23
١:٥٠:١٢ م,11.06,2.4,1170,11.04,2.4,0.13
١:٥٠:١٣ م,10.89,2.32,1181,10.94,2.3,0.44
١:٥٠:١٤ م,10.82,2.26,1183,10.82,2.24,0.02
١:٥٠:١٥ م,11,2.32,1195,11.03,2.33,0.23
١:٥٠:١٦ م,11.19,2.34,1205,11.15,2.34,0.45
١:٥٠:١٧ م,11.13,2.43,1204,11.11,2.41,0.15
١:٥٠:١٨ م,11,2.46,1182,10.95,2.45,0.38
١:٥٠:١٩ م,10.9,2.4,1167,10.89,2.42,0.04
١:٥٠:٢٠ م,11.01,2.48,1188,10.96,2.48,0.39
١:٥٠:٢١ م,11.19,2.4,1165,11.16,2.4,0.28
١:٥٠:٢٢ م,11.14,2.42,1154,11.15,2.44,0.11
١:٥٠:٢٣ م,11.22,2.45,1137,11.24,2.47,0.18
١:٥٠:٢٤ م,11.25,2.48,1155,11.21,2.5,0.39
١:٥٠:٢٥ م,11.05,2.51,1171,11.05,2.53,0.04
١:٥٠:٢٦ م,10.94,2.41,1160,10.91,2.41,0.3
١:٥٠:٢٧ م,10.98,2.47,1155,11.01,2.5,0.26
١:٥٠:٢٩ م,10.93,2.42,1173,10.89,2.45,0.35
١:٥٠:٣٠ م,11.13,2.45,1197,11.14,2.46,0.14
١:٥٠:٣١ م,11.3,2.45,1191,11.35,2.45,0.42
١:٥٠:٣٢ م,11.49,2.4,1186,11.51,2.43,0.15
١:٥٠:٣٣ م,11.58,2.4,1170,11.58,2.4,0.04
١:٥٠:٣٤ م,11.73,2.36,1157,11.71,2.36,0.12
١:٥٠:٣٥ م,11.63,2.4,1159,11.63,2.42,0.06
١:٥٠:٣٦ م,11.78,2.34,1142,11.82,2.34,0.32
١:٥٠:٣٧ م,11.86,2.41,1142,11.86,2.41,0.01
١:٥٠:٣٨ م,11.78,2.36,1153,11.75,2.35,0.23
١:٥٠:٣٩ م,11.83,2.39,1138,11.79,2.4,0.37
١:٥٠:٤٠ م,11.73,2.43,1138,11.75,2.44,0.12
١:٥٠:٤١ م,11.62,2.39,1134,11.66,2.39,0.33
١:٥٠:٤٢ م,11.45,2.45,1122,11.45,2.43,0.01
١:٥٠:٤٣ م,11.28,2.53,1125,11.32,2.51,0.38
١:٥٠:٤٤ م,11.16,2.44,1135,11.21,2.44,0.44
١:٥٠:٤٥ م,11.16,2.42,1142,11.11,2.4,0.45
١:٥٠:٤٦ م,11.28,2.33,1137,11.23,2.35,0.41
١:٥٠:٤٧ م,11.39,2.36,1125,11.4,2.36,0.06
١:٥٠:٤٨ م,11.24,2.36,1106,11.28,2.34,0.41
١:٥٠:٤٩ م,11.27,2.28,1107,11.24,2.29,0.28
١:٥٠:٥٠ م,11.42,2.23,1113,11.45,2.24,0.3
١:٥٠:٥١ م,11.43,2.3,1089,11.38,2.29,0.41
١:٥٠:٥٢ م,11.26,2.26,1086,11.23,2.28,0.24
١:٥٠:٥٣ م,11.15,2.27,1110,11.17,2.26,0.21
١:٥٠:٥٤ م,11.17,2.24,1086,11.19,2.25,0.22
١:٥٠:٥٥ م,11.11,2.16,1079,11.1,2.16,0.06
١:٥٠:٥٦ م,11.17,2.19,1095,11.14,2.2,0.23
١:٥٠:٥٧ م,11.33,2.12,1089,11.3,2.1,0.26
١:٥٠:٥٨ م,11.41,2.14,1103,11.46,2.14,0.37
١:٥٠:٥٩ م,11.25,2.07,1104,11.22,2.07,0.31
١:٥١:٠٠ م,11.37,2.16,1083,11.37,2.18,0.04
١:٥١:٠١ م,11.44,2.18,1084,11.39,2.21,0.37
١:٥١:٠٢ م,11.52,2.17,1092,11.48,2.18,0.35
١:٥١:٠٣ م,11.54,2.16,1069,11.56,2.15,0.17
١:٥١:٠٤ م,11.54,2.24,1086,11.58,2.24,0.34
١:٥١:٠٥ م,11.41,2.16,1076,11.38,2.15,0.27
١:٥١:٠٦ م,11.26,2.11,1064,11.23,2.13,0.3
١:٥١:٠٧ م,11.26,2.09,1049,11.27,2.11,0.07
١:٥١:٠٨ م,11.16,2.05,1051,11.15,2.07,0.08
١:٥١:٠٩ م,11.28,2.14,1074,11.33,2.14,0.43
١:٥١:١٠ م,11.18,2.18,1067,11.22,2.2,0.3
١:٥١:١١ م,11.12,2.17,1059,11.16,2.16,0.43
١:٥١:١٢ م,11.13,2.1,1057,11.09,2.08,0.39
١:٥١:١٣ م,11.22,2.19,1069,11.18,2.2,0.42
١:٥١:١٤ م,11.12,2.16,1077,11.1,2.17,0.25
١:٥١:١٥ م,11.14,2.15,1056,11.09,2.17,0.44
١:٥١:١٦ م,11.08,2.07,1067,11.07,2.05,0.07
١:٥١:١٧ م,11.15,2.13,1081,11.14,2.12,0.1
١:٥١:١٨ م,11.3,2.21,1104,11.33,2.19,0.25
١:٥١:١٩ م,11.3,2.28,1125,11.32,2.28,0.19
١:٥١:٢٠ م,11.2,2.28,1129,11.23,2.27,0.28
١:٥١:٢١ م,11.03,2.19,1133,11.06,2.21,0.3
١:٥١:٢٢ م,11.01,2.1,1157,11.02,2.09,0.12
١:٥١:٢٣ م,10.85,2.03,1165,10.87,2.05,0.25
١:٥١:٢٤ م,10.88,1.96,1182,10.89,1.94,0.14
١:٥١:٢٥ م,11.03,1.92,1186,11.07,1.94,0.36
١:٥١:٢٦ م,11.2,1.92,1190,11.2,1.93,0.04
١:٥١:٢٧ م,11.34,2.01,1191,11.35,1.99,0.12
١:٥١:٢٨ م,11.52,1.96,1197,11.53,1.97,0.12
١:٥١:٢٩ م,11.65,1.89,1198,11.63,1.88,0.17
١:٥١:٣٠ م,11.65,1.81,1207,11.67,1.82,0.16
١:٥١:٣١ م,11.84,1.81,1225,11.86,1.79,0.14
١:٥١:٣٢ م,11.99,1.79,1245,12.03,1.79,0.29
١:٥١:٣٣ م,12.19,1.75,1235,12.16,1.77,0.26
١:٥١:٣٤ م,12.3,1.79,1213,12.34,1.79,0.35
١:٥١:٣٥ م,12.15,1.83,1214,12.13,1.83,0.24
١:٥١:٣٦ م,12.35,1.75,1235,12.36,1.75,0.07
١:٥١:٣٧ م,12.3,1.69,1251,12.3,1.67,0.04
١:٥١:٣٨ م,12.42,1.66,1267,12.42,1.66,0
١:٥١:٣٩ م,12.48,1.71,1282,12.45,1.7,0.2
١:٥١:٤٠ م,12.66,1.63,1288,12.63,1.64,0.22
١:٥١:٤١ م,12.49,1.56,1287,12.49,1.56,0
١:٥١:٤٢ م,12.49,1.55,1310,12.52,1.53,0.23
١:٥١:٤٣ م,12.68,1.52,1302,12.68,1.53,0.04
١:٥١:٤٤ م,12.58,1.45,1296,12.62,1.43,0.35
١:٥١:٤٥ م,12.71,1.48,1308,12.72,1.48,0.14
١:٥١:٤٦ م,12.57,1.42,1321,12.59,1.4,0.23
١:٥١:٤٧ م,12.67,1.37,1320,12.62,1.34,0.37
١:٥١:٤٨ م,12.68,1.35,1308,12.72,1.37,0.28
١:٥١:٤٩ م,12.55,1.44,1330,12.54,1.44,0.08
١:٥١:٥٠ م,12.66,1.44,1318,12.65,1.44,0.05
١:٥١:٥١ م,12.68,1.35,1304,12.71,1.33,0.28
١:٥١:٥٢ م,12.82,1.37,1304,12.85,1.36,0.25
١:٥١:٥٣ م,12.86,1.38,1318,12.89,1.36,0.17
١:٥١:٥٤ م,13.02,1.32,1324,13.02,1.34,0.04
١:٥١:٥٥ م,12.88,1.22,1339,12.85,1.25,0.24
١:٥١:٥٦ م,12.71,1.28,1316,12.69,1.29,0.12
١:٥١:٥٧ م,12.59,1.35,1329,12.59,1.34,0.03
١:٥١:٥٨ م,12.67,1.3,1326,12.66,1.29,0.05
١:٥١:٥٩ م,12.63,1.33,1350,12.62,1.31,0.03
١:٥٢:٠٠ م,12.68,1.25,1343,12.65,1.27,0.26
١:٥٢:٠١ م,12.85,1.16,1319,12.89,1.18,0.33
١:٥٢:٠٢ م,12.81,1.15,1318,12.79,1.17,0.13
١:٥٢:٠٣ م,12.8,1.06,1338,12.83,1.09,0.18
١:٥٢:٠٤ م,12.8,0.99,1354,12.83,1.01,0.28
١:٥٢:٠٥ م,12.88,1,1340,12.84,0.98,0.33
١:٥٢:٠٦ م,13.03,1.04,1349,13.05,1.02,0.17
١:٥٢:٠٧ م,13.18,1.02,1331,13.2,1.04,0.11
١:٥٢:٠٨ م,13.36,1.02,1353,13.4,1.02,0.34
١:٥٢:٠٩ م,13.25,1.06,1365,13.29,1.04,0.28
١:٥٢:١٠ م,13.07,1.14,1368,13.03,1.14,0.29
١:٥٢:١١ م,13.1,1.07,1373,13.13,1.05,0.19
١:٥٢:١٢ م,12.92,1.15,1382,12.93,1.16,0.04
١:٥٢:١٣ م,12.78,1.22,1361,12.82,1.23,0.27
١:٥٢:١٤ م,12.82,1.28,1377,12.83,1.27,0.11
١:٥٢:١٥ م,12.72,1.38,1374,12.76,1.39,0.29
١:٥٢:١٦ م,12.8,1.31,1365,12.82,1.3,0.19
١:٥٢:١٧ م,12.96,1.39,1350,12.95,1.38,0.09
١:٥٢:١٨ م,12.79,1.32,1361,12.82,1.3,0.2
١:٥٢:١٩ م,12.74,1.23,1345,12.76,1.24,0.11
١:٥٢:٢٠ م,12.84,1.29,1326,12.84,1.28,0.03
١:٥٢:٢١ م,12.94,1.37,1332,12.96,1.37,0.22
١:٥٢:٢٢ م,12.97,1.32,1352,13.01,1.33,0.29
١:٥٢:٢٣ م,12.83,1.37,1341,12.78,1.35,0.34
١:٥٢:٢٤ م,12.64,1.32,1330,12.64,1.31,0.05
١:٥٢:٢٥ م,12.65,1.25,1327,12.66,1.24,0.07
١:٥٢:٢٦ م,12.46,1.28,1302,12.42,1.28,0.35
١:٥٢:٢٧ م,12.29,1.23,1319,12.3,1.25,0.12
١:٥٢:٢٨ م,12.38,1.16,1319,12.39,1.15,0.09
١:٥٢:٢٩ م,12.22,1.25,1308,12.23,1.26,0.06
١:٥٢:٣٠ م,12.15,1.3,1333,12.11,1.28,0.27
١:٥٢:٣١ م,12.32,1.3,1343,12.37,1.32,0.39
١:٥٢:٣٢ م,12.39,1.39,1331,12.35,1.37,0.3
١:٥٢:٣٣ م,12.46,1.4,1343,12.42,1.41,0.26
١:٥٢:٣٤ م,12.26,1.37,1356,12.31,1.39,0.37
١:٥٢:٣٥ م,12.1,1.38,1334,12.13,1.38,0.31
١:٥٢:٣٦ م,12.13,1.34,1314,12.17,1.33,0.26
١:٥٢:٣٧ م,12.01,1.41,1291,11.99,1.4,0.19
١:٥٢:٣٨ م,11.93,1.37,1286,11.92,1.39,0.04
١:٥٢:٤٠ م,11.86,1.3,1310,11.91,1.32,0.42
١:٥٢:٤١ م,11.82,1.26,1303,11.8,1.25,0.12
١:٥٢:٤٢ م,11.64,1.26,1319,11.6,1.24,0.31
١:٥٢:٤٣ م,11.46,1.25,1342,11.47,1.26,0.06
١:٥٢:٤٤ م,11.49,1.22,1356,11.44,1.21,0.43
١:٥٢:٤٥ م,11.49,1.24,1344,11.53,1.25,0.38
١:٥٢:٤٦ م,11.32,1.22,1368,11.36,1.23,0.37
١:٥٢:٤٧ م,11.36,1.28,1356,11.4,1.3,0.37
١:٥٢:٤٨ م,11.17,1.32,1335,11.18,1.34,0.1
١:٥٢:٤٩ م,11.33,1.4,1347,11.31,1.4,0.19
١:٥٢:٥٠ م,11.5,1.39,1367,11.51,1.41,0.17
١:٥٢:٥١ م,11.3,1.36,1390,11.29,1.33,0.1
١:٥٢:٥٢ م,11.3,1.45,1372,11.31,1.45,0.13
١:٥٢:٥٣ م,11.14,1.39,1386,11.14,1.37,0.03
١:٥٢:٥٤ م,10.95,1.31,1374,10.93,1.32,0.13
١:٥٢:٥٥ م,11.12,1.21,1386,11.09,1.23,0.25
١:٥٢:٥٦ م,11.12,1.17,1409,11.17,1.2,0.4
١:٥٢:٥٧ م,11,1.13,1418,10.98,1.15,0.24
١:٥٢:٥٨ م,11.04,1.05,1438,11.01,1.04,0.32
١:٥٢:٥٩ م,11.05,1.11,1461,11.02,1.1,0.24
١:٥٣:٠٠ م,11.24,1.2,1438,11.21,1.22,0.31
١:٥٣:٠١ م,11.1,1.17,1423,11.09,1.18,0.06
١:٥٣:٠٢ م,11.18,1.15,1419,11.17,1.16,0.04
١:٥٣:٠٣ م,11.09,1.09,1409,11.07,1.11,0.23
١:٥٣:٠٤ م,11.15,1.09,1407,11.15,1.1,0.04
١:٥٣:٠٥ م,11.04,1.15,1393,11.08,1.16,0.38
١:٥٣:٠٦ م,10.94,1.05,1412,10.89,1.07,0.41
١:٥٣:٠٧ م,11.01,1.05,1436,11.06,1.07,0.41
١:٥٣:٠٨ م,11.21,0.98,1432,11.21,0.99,0.03
١:٥٣:٠٩ م,11.32,1.08,1440,11.32,1.08,0
١:٥٣:١٠ م,11.49,1.13,1436,11.45,1.12,0.38
١:٥٣:١١ م,11.61,1.21,1449,11.64,1.23,0.26
١:٥٣:١٢ م,11.69,1.22,1438,11.71,1.25,0.15
١:٥٣:١٣ م,11.66,1.26,1460,11.62,1.25,0.34
١:٥٣:١٤ م,11.56,1.24,1457,11.59,1.24,0.25
١:٥٣:١٥ م,11.57,1.2,1457,11.55,1.2,0.23
١:٥٣:١٦ م,11.52,1.22,1454,11.48,1.23,0.39
١:٥٣:١٧ م,11.38,1.27,1437,11.34,1.28,0.31
١:٥٣:١٨ م,11.22,1.27,1416,11.27,1.28,0.43
١:٥٣:١٩ م,11.05,1.34,1430,11.1,1.34,0.44
١:٥٣:٢٠ م,10.92,1.39,1415,10.89,1.42,0.3
١:٥٣:٢١ م,11.12,1.31,1419,11.12,1.3,0
١:٥٣:٢٢ م,11.16,1.29,1442,11.13,1.28,0.34
١:٥٣:٢٣ م,11.1,1.3,1443,11.13,1.32,0.27
١:٥٣:٢٤ م,11.04,1.36,1434,11.03,1.35,0.15
١:٥٣:٢٥ م,10.97,1.39,1421,10.99,1.38,0.21
١:٥٣:٢٦ م,10.79,1.43,1430,10.81,1.45,0.23
١:٥٣:٢٧ م,10.85,1.38,1420,10.87,1.39,0.21
١:٥٣:٢٨ م,10.95,1.45,1415,11,1.43,0.42
١:٥٣:٢٩ م,11.06,1.39,1430,11.08,1.4,0.14
١:٥٣:٣٠ م,11.21,1.29,1413,11.2,1.32,0.04
١:٥٣:٣١ م,11.09,1.34,1391,11.12,1.34,0.3
١:٥٣:٣٢ م,10.93,1.29,1393,10.97,1.28,0.4
١:٥٣:٣٣ م,11.01,1.23,1370,10.98,1.23,0.29
١:٥٣:٣٤ م,11.17,1.13,1366,11.14,1.11,0.26
١:٥٣:٣٥ م,11.11,1.18,1354,11.14,1.2,0.28
١:٥٣:٣٦ م,11.16,1.19,1331,11.11,1.19,0.38
١:٥٣:٣٧ م,11.21,1.17,1341,11.19,1.15,0.17
١:٥٣:٣٨ م,11.2,1.12,1344,11.22,1.12,0.21
١:٥٣:٣٩ م,11.17,1.03,1358,11.17,1.02,0.03
١:٥٣:٤٠ م,11.11,1.04,1346,11.14,1.06,0.2
١:٥٣:٤١ م,11.18,0.96,1351,11.14,0.99,0.35
١:٥٣:٤٢ م,11.33,0.89,1376,11.36,0.89,0.3
١:٥٣:٤٣ م,11.2,0.81,1390,11.18,0.8,0.2
١:٥٣:٤٤ م,11.16,0.8,1403,11.18,0.79,0.2
١:٥٣:٤٥ م,11.24,0.89,1380,11.21,0.87,0.24
١:٥٣:٤٦ م,11.16,0.95,1357,11.15,0.97,0.02
١:٥٣:٤٧ م,11.1,1,1352,11.1,1,0.03
١:٥٣:٤٨ م,11.16,1.02,1340,11.13,1.03,0.24
١:٥٣:٤٩ م,11.06,1.02,1325,11.07,1.02,0.14
١:٥٣:٥٠ م,10.97,1.04,1344,10.97,1.07,0.04
١:٥٣:٥١ م,11.14,1.07,1325,11.12,1.06,0.18
١:٥٣:٥٢ م,11.12,1.06,1349,11.15,1.07,0.28
١:٥٣:٥٣ م,11.29,0.98,1351,11.26,1,0.23
١:٥٣:٥٤ م,11.36,1.05,1356,11.32,1.07,0.31
١:٥٣:٥٥ م,11.19,1.11,1365,11.21,1.13,0.18
١:٥٣:٥٦ م,11.28,1.17,1355,11.27,1.17,0.06
١:٥٣:٥٧ م,11.24,1.08,1334,11.24,1.09,0.03
١:٥٣:٥٨ م,11.17,1.06,1353,11.13,1.04,0.36
١:٥٣:٥٩ م,11.29,1.09,1361,11.24,1.08,0.44
١:٥٤:٠٠ م,11.2,1.04,1375,11.15,1.01,0.43
١:٥٤:٠١ م,11.26,1.02,1390,11.29,1,0.26
١:٥٤:٠٢ م,11.31,1.07,1398,11.3,1.06,0.13
١:٥٤:٠٣ م,11.32,1.06,1401,11.31,1.07,0.05
١:٥٤:٠٤ م,11.19,1.11,1419,11.14,1.12,0.38
١:٥٤:٠٥ م,11.36,1.18,1416,11.35,1.18,0.03
١:٥٤:٠٦ م,11.47,1.24,1425,11.48,1.23,0.06
١:٥٤:٠٧ م,11.44,1.26,1439,11.46,1.25,0.13
١:٥٤:٠٨ م,11.33,1.25,1434,11.3,1.23,0.27
١:٥٤:٠٩ م,11.45,1.27,1446,11.43,1.29,0.13
١:٥٤:١٠ م,11.38,1.35,1451,11.36,1.34,0.12
١:٥٤:١١ م,11.31,1.31,1457,11.34,1.31,0.28
١:٥٤:١٢ م,11.46,1.41,1458,11.47,1.4,0.1
١:٥٤:١٣ م,11.27,1.4,1480,11.23,1.42,0.34
١:٥٤:١٤ م,11.4,1.3,1463,11.4,1.33,0.05
١:٥٤:١٥ م,11.55,1.37,1462,11.57,1.39,0.12
١:٥٤:١٦ م,11.39,1.29,1455,11.37,1.31,0.17
١:٥٤:١٧ م,11.3,1.38,1444,11.28,1.4,0.14
١:٥٤:١٨ م,11.49,1.33,1440,11.48,1.32,0.08
١:٥٤:١٩ م,11.43,1.38,1457,11.46,1.37,0.25
١:٥٤:٢٠ م,11.39,1.38,1458,11.35,1.39,0.35
١:٥٤:٢١ م,11.5,1.39,1479,11.46,1.37,0.38
١:٥٤:٢٢ م,11.66,1.31,1459,11.69,1.31,0.25
١:٥٤:٢٣ م,11.61,1.33,1469,11.56,1.33,0.4
١:٥٤:٢٤ م,11.78,1.37,1468,11.75,1.35,0.28
١:٥٤:٢٥ م,11.75,1.41,1472,11.72,1.42,0.21
١:٥٤:٢٦ م,11.79,1.47,1457,11.8,1.48,0.08
١:٥٤:٢٧ م,11.63,1.47,1436,11.68,1.46,0.38
١:٥٤:٢٨ م,11.7,1.57,1438,11.72,1.55,0.12
١:٥٤:٢٩ م,11.61,1.65,1455,11.62,1.66,0.08
١:٥٤:٣٠ م,11.77,1.71,1476,11.77,1.7,0.01
١:٥٤:٣١ م,11.57,1.7,1488,11.59,1.7,0.2
١:٥٤:٣٢ م,11.62,1.64,1499,11.6,1.65,0.23
١:٥٤:٣٣ م,11.82,1.73,1479,11.82,1.73,0.06
١:٥٤:٣٤ م,11.93,1.64,1492,11.88,1.65,0.41
١:٥٤:٣٥ م,11.78,1.61,1478,11.81,1.6,0.31
١:٥٤:٣٧ م,11.6,1.67,1456,11.59,1.69,0.06
١:٥٤:٣٨ م,11.46,1.62,1474,11.46,1.61,0.05
١:٥٤:٣٩ م,11.61,1.58,1482,11.62,1.59,0.08
١:٥٤:٤٠ م,11.77,1.57,1493,11.78,1.54,0.07
١:٥٤:٤١ م,11.85,1.52,1487,11.82,1.53,0.27
١:٥٤:٤٢ م,11.84,1.47,1493,11.84,1.49,0.05
١:٥٤:٤٣ م,11.65,1.56,1505,11.66,1.58,0.14
١:٥٤:٤٤ م,11.64,1.61,1514,11.63,1.62,0.08
١:٥٤:٤٥ م,11.57,1.67,1527,11.54,1.69,0.21
١:٥٤:٤٦ م,11.41,1.61,1537,11.42,1.63,0.11
١:٥٤:٤٧ م,11.42,1.51,1552,11.47,1.5,0.37
١:٥٤:٤٨ م,11.33,1.58,1576,11.32,1.58,0.08
١:٥٤:٤٩ م,11.5,1.6,1573,11.5,1.61,0.02
١:٥٤:٥٠ م,11.56,1.58,1590,11.59,1.57,0.24
١:٥٤:٥١ م,11.47,1.53,1578,11.5,1.51,0.27
١:٥٤:٥٢ م,11.63,1.56,1557,11.59,1.58,0.35
١:٥٤:٥٣ م,11.7,1.65,1548,11.71,1.64,0.06
١:٥٤:٥٤ م,11.62,1.64,1542,11.67,1.64,0.4
١:٥٤:٥٥ م,11.58,1.63,1522,11.6,1.63,0.16
١:٥٤:٥٦ م,11.54,1.67,1504,11.58,1.65,0.3
١:٥٤:٥٧ م,11.53,1.58,1508,11.5,1.57,0.27
١:٥٤:٥٨ م,11.33,1.5,1493,11.38,1.52,0.39
١:٥٤:٥٩ م,11.32,1.48,1469,11.36,1.5,0.3
١:٥٥:٠٠ م,11.15,1.55,1460,11.13,1.52,0.2
١:٥٥:٠١ م,11.26,1.52,1480,11.28,1.54,0.25
١:٥٥:٠٢ م,11.19,1.59,1487,11.23,1.57,0.36
١:٥٥:٠٣ م,11.3,1.59,1480,11.28,1.6,0.17
١:٥٥:٠٤ م,11.2,1.54,1473,11.23,1.52,0.3
١:٥٥:٠٥ م,11.31,1.48,1469,11.35,1.46,0.35
١:٥٥:٠٦ م,11.36,1.51,1461,11.31,1.51,0.42
١:٥٥:٠٧ م,11.51,1.6,1484,11.48,1.61,0.28
١:٥٥:٠٨ م,11.6,1.58,1504,11.6,1.6,0
١:٥٥:٠٩ م,11.73,1.67,1485,11.7,1.66,0.28
١:٥٥:١٠ م,11.79,1.67,1469,11.81,1.67,0.19
١:٥٥:١١ م,11.86,1.61,1469,11.91,1.58,0.39
١:٥٥:١٢ م,11.98,1.51,1491,11.97,1.48,0.01
١:٥٥:١٣ م,11.96,1.49,1494,11.96,1.49,0.03
١:٥٥:١٤ م,11.87,1.54,1501,11.89,1.52,0.19
١:٥٥:١٥ م,11.75,1.56,1491,11.71,1.58,0.37
١:٥٥:١٦ م,11.77,1.57,1468,11.81,1.57,0.37
١:٥٥:١٧ م,11.77,1.64,1455,11.72,1.65,0.42
١:٥٥:١٨ م,11.84,1.74,1451,11.89,1.74,0.41
١:٥٥:١٩ م,12.01,1.78,1443,12.03,1.76,0.15
١:٥٥:٢٠ م,11.93,1.86,1434,11.95,1.84,0.17
١:٥٥:٢١ م,11.97,1.83,1429,11.96,1.81,0.14
١:٥٥:٢٢ م,12.13,1.81,1450,12.12,1.82,0.14
١:٥٥:٢٣ م,12.15,1.8,1443,12.13,1.82,0.23
١:٥٥:٢٤ م,12.19,1.76,1438,12.19,1.75,0.03
١:٥٥:٢٥ م,12.16,1.78,1429,12.18,1.77,0.17
١:٥٥:٢٦ م,12,1.87,1440,11.98,1.86,0.23
١:٥٥:٢٧ م,11.81,1.85,1447,11.8,1.86,0.1
١:٥٥:٢٨ م,11.89,1.94,1430,11.93,1.92,0.37
١:٥٥:٢٩ م,12.01,1.98,1453,12.02,1.97,0.13
١:٥٥:٣٠ م,11.89,1.97,1431,11.87,1.94,0.12
١:٥٥:٣١ م,11.74,1.99,1443,11.75,2,0.07
١:٥٥:٣٢ م,11.67,2.06,1424,11.63,2.09,0.36
١:٥٥:٣٣ م,11.71,1.96,1407,11.75,1.94,0.36
١:٥٥:٣٤ م,11.82,1.92,1425,11.79,1.94,0.25
١:٥٥:٣٥ م,11.68,1.88,1403,11.69,1.88,0.12
١:٥٥:٣٦ م,11.59,1.79,1426,11.61,1.81,0.1
١:٥٥:٣٧ م,11.62,1.7,1410,11.6,1.68,0.21
١:٥٥:٣٨ م,11.78,1.7,1404,11.76,1.72,0.2
١:٥٥:٣٩ م,11.89,1.8,1422,11.87,1.78,0.14
١:٥٥:٤٠ م,11.75,1.71,1433,11.8,1.7,0.41
١:٥٥:٤١ م,11.57,1.69,1414,11.59,1.68,0.16
١:٥٥:٤٢ م,11.49,1.7,1392,11.53,1.71,0.28
١:٥٥:٤٣ م,11.5,1.68,1368,11.47,1.67,0.34
١:٥٥:٤٤ م,11.45,1.77,1379,11.41,1.78,0.35
١:٥٥:٤٥ م,11.53,1.76,1395,11.51,1.76,0.22
١:٥٥:٤٦ م,11.4,1.82,1391,11.43,1.84,0.22
١:٥٥:٤٧ م,11.33,1.78,1382,11.31,1.79,0.23
١:٥٥:٤٨ م,11.31,1.69,1379,11.34,1.68,0.25
١:٥٥:٤٩ م,11.19,1.6,1394,11.18,1.62,0.04
١:٥٥:٥٠ م,11.08,1.7,1402,11.12,1.7,0.38
١:٥٥:٥١ م,11.1,1.79,1420,11.06,1.78,0.3
١:٥٥:٥٢ م,11.2,1.72,1442,11.21,1.7,0.06
١:٥٥:٥٣ م,11.2,1.7,1430,11.21,1.71,0.16
١:٥٥:٥٤ م,11,1.73,1451,11.04,1.75,0.36
١:٥٥:٥٥ م,11.1,1.78,1433,11.06,1.79,0.35
١:٥٥:٥٦ م,11.19,1.7,1415,11.21,1.68,0.13
١:٥٥:٥٧ م,11.13,1.7,1431,11.17,1.71,0.37
١:٥٥:٥٨ م,11.15,1.73,1455,11.19,1.71,0.36
١:٥٥:٥٩ م,11.07,1.73,1435,11.09,1.73,0.21
١:٥٦:٠٠ م,10.94,1.79,1458,10.91,1.81,0.32
١:٥٦:٠١ م,10.95,1.86,1436,10.97,1.85,0.2
١:٥٦:٠٢ م,11.01,1.93,1455,11.05,1.92,0.32
١:٥٦:٠٣ م,11.18,1.94,1477,11.13,1.95,0.42
١:٥٦:٠٤ م,11.19,1.88,1483,11.16,1.88,0.3
١:٥٦:٠٥ م,11.22,1.85,1487,11.25,1.83,0.31
١:٥٦:٠٦ م,11.16,1.94,1482,11.14,1.94,0.11
١:٥٦:٠٧ م,11.12,1.94,1485,11.16,1.95,0.3
١:٥٦:٠٨ م,11.21,1.9,1464,11.2,1.91,0.12
١:٥٦:٠٩ م,11.12,1.86,1459,11.13,1.87,0.11
١:٥٦:١٠ م,11.31,1.9,1467,11.33,1.91,0.17
١:٥٦:١١ م,11.32,1.97,1448,11.32,1.95,0.02
١:٥٦:١٢ م,11.45,1.99,1470,11.49,2,0.34
١:٥٦:١٣ م,11.33,1.9,1468,11.34,1.9,0.1
١:٥٦:١٤ م,11.36,1.82,1462,11.33,1.81,0.26
١:٥٦:١٥ م,11.56,1.78,1462,11.51,1.79,0.41
١:٥٦:١٦ م,11.46,1.85,1476,11.46,1.86,0.01
١:٥٦:١٧ م,11.41,1.78,1500,11.45,1.8,0.32
١:٥٦:١٨ م,11.27,1.85,1502,11.28,1.86,0.06
١:٥٦:١٩ م,11.44,1.86,1502,11.46,1.87,0.11
١:٥٦:٢٠ م,11.42,1.94,1495,11.37,1.94,0.37
١:٥٦:٢١ م,11.37,1.86,1517,11.35,1.87,0.17
١:٥٦:٢٢ م,11.18,1.83,1508,11.22,1.83,0.39
١:٥٦:٢٣ م,11.25,1.89,1496,11.24,1.88,0.09
١:٥٦:٢٤ م,11.3,1.98,1473,11.29,1.99,0.1
١:٥٦:٢٥ م,11.25,1.93,1492,11.27,1.93,0.19
١:٥٦:٢٦ م,11.19,1.92,1487,11.2,1.95,0.05
١:٥٦:٢٧ م,11.26,1.86,1474,11.26,1.83,0.05
١:٥٦:٢٨ م,11.13,1.78,1455,11.1,1.77,0.29
١:٥٦:٢٩ م,10.95,1.81,1478,10.92,1.82,0.2
١:٥٦:٣٠ م,10.99,1.81,1502,10.94,1.81,0.42
١:٥٦:٣١ م,11.08,1.85,1496,11.07,1.85,0.06
١:٥٦:٣٢ م,11.05,1.87,1478,11.08,1.87,0.29
١:٥٦:٣٣ م,11,1.85,1497,11.03,1.86,0.24
١:٥٦:٣٤ م,10.81,1.78,1500,10.86,1.79,0.45
١:٥٦:٣٥ م,10.8,1.8,1500,10.78,1.81,0.14
١:٥٦:٣٦ م,10.9,1.89,1496,10.9,1.9,0.03
١:٥٦:٣٧ م,11.02,1.92,1505,11.05,1.92,0.31
١:٥٦:٣٨ م,11.06,1.88,1486,11.04,1.86,0.21
١:٥٦:٣٩ م,11.13,1.89,1473,11.1,1.89,0.25
١:٥٦:٤٠ م,11.28,1.87,1466,11.26,1.89,0.16
١:٥٦:٤١ م,11.33,1.94,1453,11.33,1.91,0.04
١:٥٦:٤٢ م,11.19,2.02,1475,11.17,2,0.16
١:٥٦:٤٣ م,11.35,2.03,1466,11.4,2.04,0.39
١:٥٦:٤٤ م,11.22,2.12,1466,11.22,2.13,0.05
١:٥٦:٤٥ م,11.21,2.02,1461,11.18,2.03,0.3
١:٥٦:٤٦ م,11.12,1.97,1478,11.15,1.96,0.23
١:٥٦:٤٧ م,10.96,1.98,1484,10.92,1.98,0.4
١:٥٦:٤٨ م,11.05,1.96,1508,11.06,1.94,0.06
١:٥٦:٤٩ م,10.9,1.99,1509,10.91,1.99,0.09
١:٥٦:٥٠ م,10.88,2.09,1511,10.86,2.1,0.2
١:٥٦:٥١ م,10.84,2.17,1498,10.83,2.17,0.12
١:٥٦:٥٢ م,10.72,2.13,1482,10.7,2.14,0.2
١:٥٦:٥٣ م,10.91,2.08,1464,10.87,2.1,0.36
١:٥٦:٥٥ م,10.76,2.02,1461,10.76,2.02,0.05
١:٥٦:٥٦ م,10.73,2.04,1466,10.71,2.04,0.18
١:٥٦:٥٧ م,10.55,2.1,1460,10.59,2.12,0.43
١:٥٦:٥٨ م,10.49,2.11,1479,10.47,2.11,0.15
١:٥٦:٥٩ م,10.41,2.21,1495,10.4,2.23,0.09
١:٥٧:٠٠ م,10.37,2.31,1478,10.35,2.33,0.23
١:٥٧:٠١ م,10.17,2.22,1476,10.16,2.19,0.16
١:٥٧:٠٢ م,10.05,2.22,1499,10.01,2.22,0.4
١:٥٧:٠٣ م,9.9,2.31,1503,9.93,2.31,0.38
١:٥٧:٠٤ م,10.02,2.27,1502,9.98,2.25,0.34
١:٥٧:٠٥ م,9.83,2.27,1520,9.85,2.28,0.2
١:٥٧:٠٦ م,9.7,2.27,1507,9.7,2.27,0.02
١:٥٧:٠٧ م,9.73,2.17,1524,9.77,2.19,0.42
١:٥٧:٠٨ م,9.75,2.14,1537,9.79,2.15,0.43
١:٥٧:٠٩ م,9.79,2.16,1541,9.79,2.18,0.06
١:٥٧:١٠ م,9.67,2.22,1540,9.64,2.22,0.34
١:٥٧:١١ م,9.81,2.29,1533,9.79,2.31,0.19
١:٥٧:١٢ م,9.93,2.3,1508,9.95,2.3,0.17
١:٥٧:١٣ م,9.81,2.28,1531,9.85,2.27,0.45
١:٥٧:١٤ م,9.93,2.24,1507,9.96,2.24,0.28
١:٥٧:١٥ م,10.07,2.24,1523,10.07,2.24,0.06
١:٥٧:١٦ م,10.13,2.24,1530,10.15,2.25,0.24
١:٥٧:١٧ م,10.14,2.21,1555,10.19,2.2,0.48
١:٥٧:١٨ م,10.11,2.27,1578,10.14,2.27,0.3
١:٥٧:١٩ م,10.2,2.25,1560,10.18,2.24,0.18
١:٥٧:٢٠ م,10.31,2.28,1582,10.29,2.26,0.18
١:٥٧:٢١ م,10.14,2.33,1581,10.14,2.35,0.01
١:٥٧:٢٢ م,10.31,2.34,1602,10.36,2.34,0.48
١:٥٧:٢٣ م,10.36,2.44,1599,10.41,2.46,0.47
١:٥٧:٢٤ م,10.39,2.51,1612,10.43,2.49,0.35
١:٥٧:٢٥ م,10.34,2.6,1607,10.33,2.61,0.11
١:٥٧:٢٦ م,10.38,2.61,1590,10.36,2.63,0.21
١:٥٧:٢٧ م,10.35,2.55,1609,10.34,2.53,0.18
١:٥٧:٢٨ م,10.23,2.59,1593,10.19,2.6,0.34
١:٥٧:٢٩ م,10.05,2.55,1613,10.07,2.55,0.18
١:٥٧:٣٠ م,10.11,2.54,1615,10.11,2.53,0.03
١:٥٧:٣١ م,10.21,2.51,1623,10.23,2.51,0.15
١:٥٧:٣٢ م,10.23,2.58,1601,10.2,2.58,0.3
١:٥٧:٣٣ م,10.24,2.56,1617,10.22,2.55,0.17
١:٥٧:٣٤ م,10.06,2.56,1633,10.03,2.58,0.31
١:٥٧:٣٥ م,9.97,2.65,1629,9.93,2.62,0.37
١:٥٧:٣٦ م,9.84,2.68,1608,9.84,2.7,0.01
١:٥٧:٣٧ م,9.73,2.61,1594,9.76,2.6,0.3
١:٥٧:٣٨ م,9.84,2.69,1572,9.84,2.68,0.02
١:٥٧:٣٩ م,9.85,2.77,1578,9.83,2.77,0.3
١:٥٧:٤٠ م,9.89,2.87,1558,9.93,2.88,0.32
١:٥٧:٤١ م,9.9,2.8,1580,9.89,2.8,0.04
١:٥٧:٤٢ م,9.83,2.79,1582,9.87,2.78,0.46
١:٥٧:٤٣ م,9.81,2.71,1579,9.78,2.73,0.37
١:٥٧:٤٤ م,9.87,2.8,1602,9.85,2.81,0.28
١:٥٧:٤٥ م,9.92,2.73,1591,9.92,2.71,0.04
١:٥٧:٤٦ م,9.79,2.63,1615,9.8,2.62,0.19
١:٥٧:٤٧ م,9.74,2.64,1604,9.78,2.65,0.42
١:٥٧:٤٨ م,9.94,2.73,1602,9.93,2.74,0.05
١:٥٧:٤٩ م,10.08,2.72,1606,10.11,2.72,0.3
١:٥٧:٥٠ م,10.22,2.66,1581,10.26,2.66,0.36
١:٥٧:٥١ م,10.34,2.66,1596,10.38,2.66,0.44
١:٥٧:٥٢ م,10.3,2.6,1578,10.34,2.6,0.32
١:٥٧:٥٣ م,10.23,2.68,1588,10.27,2.65,0.38
١:٥٧:٥٤ م,10.2,2.75,1597,10.22,2.73,0.22
١:٥٧:٥٥ م,10.26,2.69,1620,10.24,2.7,0.2
١:٥٧:٥٦ م,10.45,2.67,1644,10.5,2.67,0.45
١:٥٧:٥٧ م,10.44,2.62,1656,10.44,2.63,0.04
١:٥٧:٥٨ م,10.5,2.59,1660,10.51,2.59,0.08
١:٥٧:٥٩ م,10.33,2.52,1658,10.36,2.51,0.25
١:٥٨:٠٠ م,10.16,2.5,1655,10.14,2.48,0.2
١:٥٨:٠١ م,9.96,2.56,1658,9.91,2.53,0.5
١:٥٨:٠٢ م,9.79,2.53,1635,9.84,2.55,0.5
١:٥٨:٠٣ م,9.85,2.44,1612,9.89,2.45,0.44
١:٥٨:٠٤ م,9.7,2.36,1605,9.74,2.38,0.47
١:٥٨:٠٥ م,9.8,2.31,1587,9.84,2.33,0.39
١:٥٨:٠٦ م,9.86,2.37,1579,9.82,2.36,0.33
١:٥٨:٠٧ م,10.04,2.43,1597,10.06,2.45,0.16
١:٥٨:٠٨ م,9.91,2.42,1609,9.91,2.42,0.08
١:٥٨:٠٩ م,9.89,2.39,1616,9.86,2.4,0.32
١:٥٨:١٠ م,9.88,2.38,1594,9.93,2.4,0.47
١:٥٨:١١ م,10.07,2.46,1587,10.03,2.45,0.45
١:٥٨:١٢ م,10.14,2.4,1579,10.18,2.42,0.35
١:٥٨:١٣ م,10.16,2.42,1558,10.19,2.42,0.33
١:٥٨:١٤ م,10.24,2.38,1546,10.27,2.41,0.24
١:٥٨:١٥ م,10.39,2.38,1524,10.43,2.37,0.32
١:٥٨:١٦ م,10.34,2.46,1536,10.38,2.45,0.4
١:٥٨:١٧ م,10.32,2.45,1533,10.37,2.46,0.47
١:٥٨:١٨ م,10.38,2.36,1519,10.43,2.38,0.42
١:٥٨:١٩ م,10.42,2.34,1528,10.43,2.36,0.07
١:٥٨:٢٠ م,10.39,2.3,1505,10.43,2.31,0.39
١:٥٨:٢١ م,10.57,2.25,1505,10.61,2.24,0.35
١:٥٨:٢٢ م,10.38,2.29,1499,10.4,2.31,0.16
١:٥٨:٢٣ م,10.45,2.2,1474,10.42,2.19,0.33
١:٥٨:٢٤ م,10.38,2.22,1480,10.34,2.22,0.34
١:٥٨:٢٥ م,10.33,2.16,1463,10.31,2.15,0.21
١:٥٨:٢٦ م,10.53,2.23,1465,10.54,2.25,0.09
١:٥٨:٢٧ م,10.55,2.13,1483,10.57,2.16,0.19
١:٥٨:٢٨ م,10.48,2.23,1485,10.44,2.21,0.39
١:٥٨:٢٩ م,10.49,2.3,1500,10.47,2.29,0.22
١:٥٨:٣٠ م,10.48,2.23,1513,10.48,2.23,0.02
١:٥٨:٣١ م,10.46,2.21,1521,10.47,2.22,0.13
١:٥٨:٣٢ م,10.41,2.15,1522,10.44,2.18,0.23
١:٥٨:٣٣ م,10.25,2.08,1512,10.25,2.06,0.01
١:٥٨:٣٤ م,10.26,2.04,1512,10.3,2.06,0.37
١:٥٨:٣٥ م,10.32,2.08,1525,10.29,2.09,0.35
١:٥٨:٣٦ م,10.3,2.16,1502,10.3,2.17,0.06
١:٥٨:٣٧ م,10.43,2.21,1494,10.39,2.22,0.37
١:٥٨:٣٨ م,10.53,2.18,1494,10.51,2.2,0.16
١:٥٨:٣٩ م,10.7,2.13,1501,10.74,2.14,0.39
١:٥٨:٤٠ م,10.63,2.03,1513,10.68,2.03,0.45
١:٥٨:٤١ م,10.64,2.1,1529,10.65,2.08,0.1
١:٥٨:٤٢ م,10.62,2.05,1514,10.6,2.05,0.21
١:٥٨:٤٣ م,10.77,2.06,1522,10.73,2.08,0.42
١:٥٨:٤٤ م,10.79,2.12,1501,10.79,2.14,0.01
١:٥٨:٤٥ م,10.8,2.04,1489,10.83,2.04,0.21
١:٥٨:٤٦ م,10.92,1.99,1499,10.96,2,0.39
١:٥٨:٤٧ م,10.92,2.08,1520,10.89,2.07,0.3
١:٥٨:٤٨ م,11.01,2,1508,11.05,2,0.35
١:٥٨:٤٩ م,10.88,2.09,1530,10.9,2.1,0.21
١:٥٨:٥٠ م,10.98,2.02,1544,10.95,2.04,0.25
١:٥٨:٥١ م,10.79,1.95,1556,10.79,1.96,0.04
١:٥٨:٥٢ م,10.64,1.87,1557,10.6,1.86,0.44
١:٥٨:٥٣ م,10.79,1.93,1539,10.77,1.93,0.19
١:٥٨:٥٤ م,10.98,2.02,1560,10.96,2.01,0.16
١:٥٨:٥٥ م,10.84,1.98,1581,10.79,1.97,0.46
١:٥٨:٥٦ م,10.82,1.94,1573,10.81,1.96,0.17
١:٥٨:٥٧ م,10.67,1.92,1562,10.69,1.91,0.27
١:٥٨:٥٩ م,10.72,1.95,1564,10.75,1.96,0.3
١:٥٩:٠٠ م,10.71,1.91,1573,10.68,1.93,0.33
١:٥٩:٠١ م,10.86,1.87,1549,10.87,1.84,0.1
١:٥٩:٠٢ م,10.69,1.96,1563,10.66,1.95,0.23
١:٥٩:٠٣ م,10.69,2.06,1547,10.64,2.07,0.46
١:٥٩:٠٤ م,10.88,2.12,1561,10.85,2.14,0.31
١:٥٩:٠٥ م,10.89,2.1,1538,10.92,2.11,0.27
١:٥٩:٠٦ م,10.99,2.05,1548,10.96,2.03,0.27
١:٥٩:٠٧ م,11.01,2.07,1540,11,2.05,0.1
١:٥٩:٠٨ م,10.83,2.08,1562,10.85,2.07,0.23
١:٥٩:٠٩ م,10.88,2.01,1566,10.85,1.99,0.31
١:٥٩:١٠ م,10.88,1.95,1560,10.86,1.97,0.26
١:٥٩:١١ م,10.7,2.02,1563,10.69,2.02,0.12
١:٥٩:١٢ م,10.56,1.96,1577,10.52,1.96,0.34
١:٥٩:١٣ م,10.43,1.92,1594,10.41,1.92,0.18
١:٥٩:١٤ م,10.34,1.85,1574,10.33,1.84,0.03
١:٥٩:١٥ م,10.53,1.95,1584,10.58,1.96,0.42
١:٥٩:١٦ م,10.58,1.89,1571,10.55,1.89,0.26
١:٥٩:١٧ م,10.47,1.79,1589,10.45,1.8,0.26
١:٥٩:١٨ م,10.35,1.74,1604,10.37,1.74,0.19
١:٥٩:١٩ م,10.19,1.81,1622,10.23,1.8,0.46
١:٥٩:٢٠ م,10.15,1.84,1631,10.16,1.82,0.14
١:٥٩:٢١ م,10.11,1.84,1628,10.14,1.83,0.27
١:٥٩:٢٢ م,9.94,1.77,1621,9.96,1.77,0.13
١:٥٩:٢٣ م,10.11,1.7,1624,10.08,1.68,0.34
١:٥٩:٢٤ م,9.96,1.75,1646,9.95,1.74,0.07
١:٥٩:٢٥ م,9.81,1.74,1644,9.77,1.72,0.43
١:٥٩:٢٦ م,9.97,1.75,1622,9.94,1.77,0.34
١:٥٩:٢٧ م,9.87,1.72,1599,9.86,1.71,0.12
١:٥٩:٢٨ م,9.69,1.65,1592,9.71,1.64,0.21
١:٥٩:٢٩ م,9.57,1.69,1605,9.6,1.71,0.38
١:٥٩:٣٠ م,9.54,1.71,1580,9.55,1.7,0.05
١:٥٩:٣١ م,9.47,1.62,1580,9.5,1.62,0.35
١:٥٩:٣٢ م,9.51,1.62,1580,9.51,1.62,0.01
١:٥٩:٣٣ م,9.55,1.6,1598,9.53,1.6,0.12
١:٥٩:٣٤ م,9.42,1.52,1584,9.43,1.5,0.12
١:٥٩:٣٥ م,9.32,1.51,1604,9.35,1.52,0.34
١:٥٩:٣٦ م,9.28,1.56,1609,9.31,1.57,0.42
١:٥٩:٣٧ م,9.45,1.52,1596,9.45,1.52,0.08
١:٥٩:٣٨ م,9.55,1.5,1589,9.56,1.49,0.13
١:٥٩:٣٩ م,9.44,1.49,1609,9.4,1.47,0.46
١:٥٩:٤٠ م,9.55,1.39,1596,9.53,1.39,0.27
١:٥٩:٤١ م,9.41,1.43,1602,9.43,1.43,0.23
١:٥٩:٤٢ م,9.56,1.4,1620,9.55,1.41,0.06
١:٥٩:٤٣ م,9.52,1.31,1620,9.56,1.3,0.39
١:٥٩:٤٤ م,9.37,1.4,1643,9.35,1.37,0.17
١:٥٩:٤٥ م,9.34,1.43,1648,9.35,1.45,0.15
١:٥٩:٤٦ م,9.2,1.53,1636,9.2,1.52,0.01
١:٥٩:٤٧ م,9.36,1.55,1627,9.35,1.56,0.13
١:٥٩:٤٨ م,9.55,1.48,1636,9.57,1.49,0.19
١:٥٩:٤٩ م,9.69,1.48,1642,9.65,1.5,0.37
١:٥٩:٥٠ م,9.57,1.47,1653,9.61,1.5,0.34
١:٥٩:٥١ م,9.76,1.4,1645,9.79,1.39,0.35
١:٥٩:٥٢ م,9.64,1.39,1652,9.6,1.4,0.38
١:٥٩:٥٣ م,9.5,1.38,1663,9.46,1.39,0.36
١:٥٩:٥٤ م,9.66,1.37,1664,9.65,1.38,0.12
١:٥٩:٥٥ م,9.85,1.42,1670,9.83,1.41,0.15
١:٥٩:٥٦ م,9.79,1.35,1675,9.77,1.36,0.15
١:٥٩:٥٧ م,9.93,1.4,1661,9.98,1.43,0.47
١:٥٩:٥٨ م,9.95,1.41,1664,9.93,1.43,0.23
١:٥٩:٥٩ م,9.98,1.4,1659,10.01,1.4,0.24
٢:٠٠:٠٠ م,9.96,1.42,1639,9.96,1.41,0.05
٢:٠٠:٠١ م,10.08,1.42,1650,10.04,1.44,0.36
٢:٠٠:٠٢ م,10.04,1.35,1666,10.06,1.37,0.14
٢:٠٠:٠٣ م,9.98,1.45,1655,9.98,1.44,0.01
٢:٠٠:٠٤ م,10.17,1.55,1633,10.16,1.53,0.1
٢:٠٠:٠٥ م,10.24,1.51,1611,10.25,1.5,0.03
٢:٠٠:٠٦ م,10.19,1.46,1597,10.23,1.45,0.3
٢:٠٠:٠٧ م,10.1,1.47,1621,10.05,1.45,0.45
٢:٠٠:٠٨ م,10,1.52,1598,9.97,1.52,0.35
٢:٠٠:٠٩ م,10.04,1.51,1591,10.06,1.53,0.16
٢:٠٠:١٠ م,9.96,1.51,1569,9.94,1.52,0.14
٢:٠٠:١١ م,10.1,1.56,1560,10.09,1.58,0.08
٢:٠٠:١٢ م,10.01,1.56,1575,10,1.55,0.12
٢:٠٠:١٣ م,9.91,1.53,1571,9.94,1.54,0.34
٢:٠٠:١٤ م,9.78,1.52,1586,9.75,1.5,0.3
٢:٠٠:١٥ م,9.84,1.51,1599,9.84,1.53,0.02
٢:٠٠:١٦ م,9.79,1.45,1614,9.8,1.46,0.05
٢:٠٠:١٧ م,9.62,1.54,1611,9.57,1.56,0.47
٢:٠٠:١٨ م,9.42,1.5,1627,9.41,1.5,0.12
٢:٠٠:١٩ م,9.51,1.51,1614,9.48,1.51,0.24
٢:٠٠:٢٠ م,9.4,1.6,1611,9.41,1.58,0.07
٢:٠٠:٢١ م,9.51,1.59,1616,9.48,1.59,0.37
٢:٠٠:٢٢ م,9.68,1.68,1635,9.67,1.69,0.11
٢:٠٠:٢٣ م,9.66,1.71,1647,9.65,1.7,0.11
٢:٠٠:٢٤ م,9.54,1.75,1650,9.51,1.73,0.38
٢:٠٠:٢٥ م,9.72,1.83,1669,9.76,1.82,0.42
٢:٠٠:٢٦ م,9.75,1.89,1681,9.74,1.88,0.07
٢:٠٠:٢٧ م,9.79,1.94,1704,9.77,1.92,0.27
٢:٠٠:٢٨ م,9.66,1.92,1715,9.62,1.9,0.36
٢:٠٠:٢٩ م,9.82,1.97,1708,9.78,1.99,0.47
٢:٠٠:٣٠ م,9.99,1.95,1732,10,1.95,0.15
٢:٠٠:٣١ م,9.86,1.96,1750,9.86,1.98,0.02
٢:٠٠:٣٢ م,9.78,1.98,1759,9.75,1.98,0.37
٢:٠٠:٣٣ م,9.7,1.94,1764,9.65,1.93,0.51
٢:٠٠:٣٤ م,9.54,1.91,1771,9.53,1.92,0.09
٢:٠٠:٣٥ م,9.35,1.93,1788,9.39,1.94,0.44
٢:٠٠:٣٦ م,9.16,2.01,1810,9.14,2.02,0.14
٢:٠٠:٣٧ م,8.96,2.07,1794,8.97,2.05,0.08
٢:٠٠:٣٨ م,9.11,2.14,1801,9.14,2.15,0.34
٢:٠٠:٣٩ م,8.95,2.14,1816,8.96,2.14,0.12
٢:٠٠:٤٠ م,9.02,2.09,1792,8.97,2.1,0.49
٢:٠٠:٤١ م,8.99,2.07,1769,9.02,2.08,0.32
٢:٠٠:٤٢ م,8.84,2.09,1775,8.82,2.11,0.27
٢:٠٠:٤٣ م,8.79,2.07,1755,8.75,2.09,0.46
٢:٠٠:٤٤ م,8.78,2.15,1760,8.76,2.13,0.22
٢:٠٠:٤٥ م,8.92,2.17,1738,8.95,2.19,0.26
٢:٠٠:٤٦ م,8.74,2.11,1720,8.75,2.12,0.07
٢:٠٠:٤٧ م,8.8,2.17,1720,8.84,2.16,0.48
٢:٠٠:٤٨ م,8.91,2.25,1696,8.96,2.27,0.53
٢:٠٠:٤٩ م,8.76,2.31,1684,8.73,2.33,0.25
٢:٠٠:٥٠ م,8.86,2.25,1701,8.86,2.25,0.07
٢:٠٠:٥١ م,8.82,2.23,1705,8.8,2.26,0.18
٢:٠٠:٥٢ م,8.95,2.27,1689,8.98,2.28,0.28
٢:٠٠:٥٣ م,8.8,2.26,1701,8.78,2.27,0.29
٢:٠٠:٥٤ م,8.75,2.17,1690,8.78,2.17,0.37
٢:٠٠:٥٦ م,8.55,2.16,1685,8.58,2.17,0.28
٢:٠٠:٥٧ م,8.53,2.26,1700,8.54,2.28,0.23
٢:٠٠:٥٨ م,8.54,2.18,1686,8.51,2.19,0.35
٢:٠٠:٥٩ م,8.6,2.15,1702,8.63,2.14,0.35
٢:٠١:٠٠ م,8.44,2.07,1700,8.43,2.07,0.15
٢:٠١:٠١ م,8.24,2.09,1698,8.2,2.11,0.45
٢:٠١:٠٢ م,8.24,2.16,1706,8.25,2.17,0.11
٢:٠١:٠٣ م,8.26,2.08,1727,8.24,2.09,0.18
٢:٠١:٠٤ م,8.39,2.04,1706,8.35,2.05,0.44
٢:٠١:٠٥ م,8.2,1.95,1688,8.22,1.93,0.33
٢:٠١:٠٦ م,8.24,1.94,1678,8.26,1.95,0.2
٢:٠١:٠٧ م,8.2,1.85,1668,8.19,1.84,0.18
٢:٠١:٠٨ م,8.03,1.87,1646,8.01,1.88,0.29
٢:٠١:٠٩ م,7.86,1.79,1642,7.9,1.81,0.42
٢:٠١:١٠ م,7.68,1.79,1660,7.72,1.78,0.58
٢:٠١:١١ م,7.67,1.72,1644,7.64,1.72,0.37
٢:٠١:١٢ م,7.51,1.76,1629,7.51,1.75,0.04
٢:٠١:١٣ م,7.38,1.71,1645,7.4,1.72,0.26
٢:٠١:١٤ م,7.22,1.64,1669,7.18,1.66,0.54
٢:٠١:١٥ م,7.39,1.57,1679,7.36,1.57,0.4
٢:٠١:١٦ م,7.52,1.58,1696,7.48,1.6,0.51
٢:٠١:١٧ م,7.59,1.54,1688,7.64,1.54,0.59
٢:٠١:١٨ م,7.71,1.63,1699,7.73,1.61,0.29
٢:٠١:١٩ م,7.75,1.62,1714,7.72,1.61,0.41
٢:٠١:٢٠ م,7.86,1.55,1734,7.85,1.57,0.05
٢:٠١:٢١ م,7.7,1.51,1728,7.69,1.49,0.14
٢:٠١:٢٢ م,7.79,1.5,1714,7.74,1.49,0.55
٢:٠١:٢٣ م,7.61,1.59,1711,7.65,1.59,0.58
٢:٠١:٢٤ م,7.44,1.55,1724,7.43,1.55,0.15
٢:٠١:٢٥ م,7.46,1.62,1720,7.49,1.61,0.4
٢:٠١:٢٦ م,7.54,1.72,1743,7.58,1.74,0.56
٢:٠١:٢٧ م,7.67,1.7,1759,7.65,1.7,0.23
٢:٠١:٢٨ م,7.66,1.74,1738,7.7,1.74,0.47
٢:٠١:٢٩ م,7.6,1.83,1746,7.6,1.8,0.05
٢:٠١:٣٠ م,7.61,1.78,1764,7.57,1.79,0.5
٢:٠١:٣١ م,7.46,1.84,1768,7.45,1.84,0.11
٢:٠١:٣٢ م,7.65,1.88,1771,7.69,1.87,0.54
٢:٠١:٣٣ م,7.77,1.84,1773,7.79,1.85,0.33
٦:١٥:٥٠ م,12.15,2.59,991,12.14,2.59,0.07
٦:١٥:٥١ م,12,2.66,968,12.04,2.66,0.35
٦:١٥:٥٢ م,11.83,2.7,946,11.83,2.69,0.03
٦:١٥:٥٣ م,11.87,2.78,931,11.87,2.79,0.01
٦:١٥:٥٤ م,12,2.81,919,12.02,2.82,0.17
٦:١٥:٥٥ م,11.92,2.76,919,11.88,2.76,0.35
٦:١٥:٥٦ م,11.98,2.81,939,12.02,2.79,0.35
٦:١٥:٥٧ م,12.12,2.89,917,12.16,2.92,0.31
٦:١٥:٥٨ م,11.93,2.96,899,11.94,2.97,0.07
٦:١٥:٥٩ م,11.78,3.02,881,11.78,3.02,0.03
٦:١٦:٠٠ م,11.88,3.03,873,11.93,3.02,0.37
٦:١٦:٠١ م,11.7,3.13,896,11.74,3.14,0.32
٦:١٦:٠٢ م,11.76,3.03,916,11.77,3.04,0.09
٦:١٦:٠٣ م,11.56,3,917,11.56,3.01,0.02
٦:١٦:٠٤ م,11.75,3.03,910,11.75,3.04,0.01
٦:١٦:٠٥ م,11.59,3.02,895,11.56,3.01,0.26
٦:١٦:٠٦ م,11.41,3.05,914,11.41,3.05,0.05
٦:١٦:٠٧ م,11.58,3.02,902,11.55,3.02,0.29
٦:١٦:٠٨ م,11.41,2.98,891,11.39,3,0.17
٦:١٦:٠٩ م,11.39,3.04,896,11.36,3.06,0.21
٦:١٦:١٠ م,11.19,3.07,887,11.17,3.07,0.17
٦:١٦:١١ م,11.07,3.04,871,11.04,3.04,0.32
٦:١٦:١٢ م,11.23,3.09,864,11.25,3.08,0.2
٦:١٦:١٣ م,11.09,3.11,851,11.12,3.11,0.24
٦:١٦:١٤ م,10.92,3.06,838,10.89,3.04,0.25
٦:١٦:١٥ م,10.94,2.98,825,10.91,2.97,0.3
٦:١٦:١٦ م,11.12,2.91,823,11.1,2.89,0.11
٦:١٦:١٧ م,10.92,2.82,800,10.89,2.82,0.29
٦:١٦:١٨ م,10.86,2.89,783,10.83,2.89,0.27
٦:١٦:١٩ م,10.76,2.94,801,10.77,2.95,0.1
٦:١٦:٢٠ م,10.59,2.95,813,10.55,2.92,0.43
٦:١٦:٢١ م,10.44,2.94,796,10.46,2.95,0.21
٦:١٦:٢٢ م,10.5,3.03,803,10.48,3.03,0.22
٦:١٦:٢٣ م,10.58,3.02,816,10.6,3.02,0.15
٦:١٦:٢٤ م,10.5,2.95,799,10.54,2.97,0.36
٦:١٦:٢٥ م,10.57,2.89,792,10.57,2.91,0.01
٦:١٦:٢٦ م,10.39,2.9,787,10.42,2.92,0.29
٦:١٦:٢٧ م,10.32,2.86,781,10.31,2.86,0.17
٦:١٦:٢٨ م,10.17,2.77,797,10.14,2.78,0.31
٦:١٦:٢٩ م,10.22,2.74,815,10.2,2.73,0.16
٦:١٦:٣٠ م,10.29,2.73,799,10.26,2.74,0.32
٦:١٦:٣١ م,10.45,2.69,819,10.49,2.7,0.34
٦:١٦:٣٢ م,10.28,2.73,831,10.23,2.75,0.45
٦:١٦:٣٣ م,10.26,2.65,854,10.23,2.68,0.29
٦:١٦:٣٤ م,10.35,2.7,860,10.38,2.69,0.35
٦:١٦:٣٥ م,10.4,2.66,855,10.39,2.69,0.11
٦:١٦:٣٦ م,10.51,2.75,834,10.52,2.77,0.06
٦:١٦:٣٧ م,10.33,2.74,842,10.29,2.73,0.36
٦:١٦:٣٨ م,10.21,2.68,855,10.2,2.68,0.15
٦:١٦:٣٩ م,10.33,2.6,843,10.37,2.61,0.41
٦:١٦:٤٠ م,10.39,2.55,863,10.37,2.54,0.17
٦:١٦:٤١ م,10.46,2.58,858,10.44,2.58,0.15
٦:١٦:٤٢ م,10.54,2.49,838,10.51,2.5,0.28
٦:١٦:٤٣ م,10.34,2.47,848,10.35,2.49,0.03
٦:١٦:٤٤ م,10.38,2.53,834,10.34,2.52,0.33
٦:١٦:٤٥ م,10.48,2.59,837,10.52,2.6,0.3
٦:١٦:٤٦ م,10.49,2.55,832,10.49,2.55,0.06
٦:١٦:٤٧ م,10.65,2.64,816,10.62,2.63,0.33
٦:١٦:٤٨ م,10.75,2.55,827,10.75,2.55,0.02
٦:١٦:٤٩ م,10.6,2.56,829,10.6,2.58,0
٦:١٦:٥٠ م,10.62,2.5,817,10.61,2.52,0.1
٦:١٦:٥١ م,10.55,2.6,804,10.56,2.58,0.08
٦:١٦:٥٢ م,10.56,2.54,811,10.57,2.52,0.06
٦:١٦:٥٣ م,10.76,2.44,822,10.71,2.45,0.4
٦:١٦:٥٤ م,10.75,2.41,833,10.76,2.44,0.06
٦:١٦:٥٥ م,10.57,2.51,819,10.59,2.49,0.19
٦:١٦:٥٦ م,10.65,2.52,831,10.68,2.51,0.28
٦:١٦:٥٧ م,10.77,2.44,815,10.74,2.42,0.21
٦:١٦:٥٨ م,10.65,2.42,819,10.65,2.41,0.04
٦:١٦:٥٩ م,10.64,2.33,826,10.65,2.33,0.04
٦:١٧:٠٠ م,10.45,2.27,842,10.47,2.28,0.15
٦:١٧:٠١ م,10.56,2.19,848,10.58,2.19,0.22
٦:١٧:٠٢ م,10.48,2.17,865,10.51,2.16,0.27
٦:١٧:٠٣ م,10.53,2.12,861,10.54,2.12,0.08
٦:١٧:٠٤ م,10.58,2.21,884,10.54,2.2,0.45
٦:١٧:٠٥ م,10.64,2.11,894,10.66,2.12,0.19
٦:١٧:٠٦ م,10.83,2.17,875,10.85,2.19,0.16
٦:١٧:٠٧ م,10.68,2.2,884,10.68,2.19,0.03
٦:١٧:٠٨ م,10.6,2.2,890,10.63,2.21,0.3
٦:١٧:٠٩ م,10.49,2.27,879,10.44,2.25,0.39
٦:١٧:١٠ م,10.55,2.35,869,10.56,2.37,0.14
٦:١٧:١١ م,10.49,2.37,875,10.45,2.39,0.34
٦:١٧:١٢ م,10.54,2.36,883,10.5,2.35,0.36
٦:١٧:١٣ م,10.41,2.35,863,10.41,2.35,0.05
٦:١٧:١٤ م,10.51,2.38,887,10.55,2.4,0.4
٦:١٧:١٥ م,10.71,2.37,899,10.68,2.38,0.27
٦:١٧:١٦ م,10.87,2.42,923,10.92,2.43,0.42
٦:١٧:١٧ م,10.92,2.49,909,10.95,2.48,0.25
٦:١٧:١٨ م,11.09,2.48,915,11.12,2.47,0.26
٦:١٧:١٩ م,10.93,2.47,893,10.93,2.47,0.05
٦:١٧:٢٠ م,10.81,2.49,907,10.83,2.48,0.11
٦:١٧:٢١ م,10.68,2.57,927,10.68,2.58,0.03
٦:١٧:٢٢ م,10.8,2.47,942,10.81,2.45,0.12
٦:١٧:٢٣ م,10.72,2.38,933,10.76,2.37,0.38
٦:١٧:٢٤ م,10.85,2.29,924,10.84,2.31,0.06
٦:١٧:٢٥ م,10.87,2.23,911,10.91,2.21,0.34
٦:١٧:٢٧ م,10.77,2.24,899,10.74,2.25,0.34
٦:١٧:٢٨ م,10.77,2.17,892,10.76,2.16,0.16
٦:١٧:٢٩ م,10.71,2.19,903,10.75,2.21,0.35
٦:١٧:٣٠ م,10.76,2.21,886,10.76,2.21,0.02
٦:١٧:٣١ م,10.93,2.27,908,10.93,2.27,0.03
٦:١٧:٣٢ م,10.87,2.33,913,10.86,2.35,0.09
٦:١٧:٣٣ م,10.9,2.36,915,10.92,2.35,0.25
٦:١٧:٣٤ م,11.04,2.37,938,11.01,2.36,0.26
٦:١٧:٣٥ م,10.96,2.38,951,11,2.37,0.33
٦:١٧:٣٦ م,10.77,2.41,946,10.74,2.41,0.23
٦:١٧:٣٧ م,10.95,2.46,943,10.92,2.47,0.33
٦:١٧:٣٨ م,11.06,2.4,958,11.02,2.39,0.37
٦:١٧:٣٩ م,10.88,2.32,940,10.9,2.31,0.18
٦:١٧:٤٠ م,10.68,2.23,943,10.66,2.24,0.19
٦:١٧:٤١ م,10.52,2.2,960,10.51,2.2,0.08
٦:١٧:٤٢ م,10.66,2.13,935,10.63,2.11,0.32
٦:١٧:٤٣ م,10.52,2.06,915,10.51,2.06,0.1
٦:١٧:٤٤ م,10.61,2.15,896,10.65,2.15,0.33
٦:١٧:٤٥ م,10.67,2.2,878,10.68,2.18,0.15
٦:١٧:٤٦ م,10.86,2.15,858,10.85,2.16,0.07
٦:١٧:٤٧ م,11.04,2.06,842,11.07,2.04,0.26
٦:١٧:٤٨ م,10.89,2.13,837,10.93,2.11,0.42
٦:١٧:٤٩ م,10.94,2.16,857,10.98,2.15,0.39
٦:١٧:٥٠ م,10.8,2.14,881,10.75,2.14,0.42
٦:١٧:٥١ م,10.76,2.12,889,10.81,2.11,0.43
٦:١٧:٥٢ م,10.93,2.03,893,10.94,2.03,0.15
٦:١٧:٥٣ م,10.95,2.02,882,10.91,2.03,0.36
٦:١٧:٥٤ م,10.76,2.07,891,10.78,2.09,0.2
٦:١٧:٥٥ م,10.79,2.13,909,10.77,2.14,0.25
٦:١٧:٥٦ م,10.91,2.19,908,10.94,2.18,0.29
٦:١٧:٥٧ م,10.97,2.2,902,10.96,2.19,0.09
٦:١٧:٥٨ م,11.01,2.14,895,11.02,2.13,0.05
٦:١٧:٥٩ م,11.18,2.23,874,11.18,2.22,0.01
٦:١٨:٠٠ م,11.22,2.21,866,11.18,2.19,0.32
٦:١٨:٠١ م,11.16,2.12,857,11.16,2.1,0.02
٦:١٨:٠٢ م,11.15,2.16,864,11.12,2.15,0.27
٦:١٨:٠٣ م,11.19,2.13,845,11.15,2.11,0.28
٦:١٨:٠٤ م,11.22,2.18,854,11.19,2.19,0.28
٦:١٨:٠٥ م,11.1,2.13,853,11.12,2.12,0.2
٦:١٨:٠٦ م,11.11,2.08,841,11.14,2.07,0.26
٦:١٨:٠٧ م,11.04,2,851,11.05,1.98,0.02
٦:١٨:٠٨ م,11.22,1.99,863,11.18,2.01,0.41
٦:١٨:٠٩ م,11.13,1.97,880,11.16,1.96,0.31
٦:١٨:١٠ م,11.1,1.92,895,11.15,1.9,0.44
٦:١٨:١١ م,11.17,1.98,887,11.2,1.99,0.35
٦:١٨:١٢ م,11.19,1.9,875,11.17,1.88,0.2
٦:١٨:١٣ م,11.06,1.88,853,11.01,1.89,0.44
٦:١٨:١٤ م,10.89,1.95,859,10.86,1.97,0.34
٦:١٨:١٥ م,11.07,1.86,859,11.02,1.85,0.42
٦:١٨:١٦ م,10.9,1.96,855,10.85,1.96,0.44
٦:١٨:١٧ م,11.08,2.02,879,11.06,2,0.19
٦:١٨:١٨ م,11.06,1.96,870,11.05,1.95,0.07
٦:١٨:١٩ م,11.04,2.05,880,11.07,2.07,0.26
٦:١٨:٢٠ م,11.08,1.99,899,11.08,2.02,0
٦:١٨:٢١ م,11.13,1.96,898,11.14,1.94,0.09
٦:١٨:٢٢ م,11.18,1.9,915,11.21,1.9,0.26
٦:١٨:٢٣ م,11.35,1.91,908,11.34,1.92,0.13
٦:١٨:٢٤ م,11.4,1.9,932,11.39,1.88,0.07
٦:١٨:٢٥ م,11.47,1.98,946,11.5,2,0.21
٦:١٨:٢٦ م,11.59,1.99,941,11.62,1.98,0.28
٦:١٨:٢٧ م,11.49,1.92,934,11.51,1.94,0.16
٦:١٨:٢٨ م,11.51,1.92,955,11.47,1.93,0.27
٦:١٨:٢٩ م,11.42,1.97,952,11.44,1.99,0.12
٦:١٨:٣٠ م,11.55,1.95,947,11.56,1.93,0.07
٦:١٨:٣١ م,11.67,2.04,955,11.69,2.02,0.21
٦:١٨:٣٢ م,11.49,2.03,959,11.45,2.02,0.32
٦:١٨:٣٣ م,11.54,2.07,959,11.54,2.09,0.06
٦:١٨:٣٤ م,11.5,2.01,936,11.47,1.99,0.31
٦:١٨:٣٥ م,11.46,1.96,936,11.41,1.96,0.41
٦:١٨:٣٦ م,11.28,2.03,925,11.31,2.05,0.24
٦:١٨:٣٧ م,11.16,2.04,910,11.17,2.05,0.07
٦:١٨:٣٨ م,11.01,1.99,928,11.04,1.98,0.25
٦:١٨:٣٩ م,11.01,1.94,948,10.96,1.93,0.43
٦:١٨:٤٠ م,11.18,1.92,942,11.22,1.92,0.38
٦:١٨:٤١ م,11.06,2.02,926,11.06,2,0.01
٦:١٨:٤٢ م,11.16,2.03,937,11.21,2.02,0.41
٦:١٨:٤٣ م,11.05,1.93,943,11.1,1.92,0.37
٦:١٨:٤٤ م,11.15,1.95,961,11.2,1.94,0.44
٦:١٨:٤٥ م,11.32,1.91,957,11.37,1.91,0.41
٦:١٨:٤٦ م,11.48,1.96,940,11.5,1.96,0.19
٦:١٨:٤٧ م,11.6,1.99,953,11.63,1.98,0.23
٦:١٨:٤٨ م,11.42,1.96,936,11.37,1.98,0.39
٦:١٨:٤٩ م,11.37,1.98,934,11.34,1.99,0.3
٦:١٨:٥٠ م,11.32,2.04,924,11.37,2.02,0.41
٦:١٨:٥١ م,11.41,1.99,918,11.42,1.96,0.14
٦:١٨:٥٢ م,11.42,2.01,897,11.39,2,0.22
٦:١٨:٥٣ م,11.32,1.91,876,11.36,1.93,0.36
٦:١٨:٥٤ م,11.12,1.97,889,11.08,1.96,0.41
٦:١٨:٥٥ م,11.17,1.92,874,11.19,1.92,0.14
٦:١٨:٥٦ م,11.08,1.99,850,11.11,1.98,0.31
٦:١٨:٥٧ م,10.92,2.05,828,10.97,2.06,0.45
٦:١٨:٥٨ م,11.04,2.02,834,11.01,2.01,0.21
٦:١٨:٥٩ م,11.15,1.98,852,11.17,1.96,0.16
٦:١٩:٠٠ م,11.21,2.02,836,11.18,2.02,0.31
٦:١٩:٠١ م,11.19,2.08,858,11.2,2.1,0.06
٦:١٩:٠٢ م,11.24,2.1,861,11.26,2.11,0.19
٦:١٩:٠٣ م,11.19,2.13,842,11.19,2.15,0.02
٦:١٩:٠٤ م,11.24,2.15,865,11.22,2.16,0.17
٦:١٩:٠٥ م,11.27,2.08,855,11.26,2.09,0.1
٦:١٩:٠٦ م,11.43,2.11,846,11.47,2.11,0.29
٦:١٩:٠٧ م,11.63,2.06,855,11.68,2.07,0.41
٦:١٩:٠٨ م,11.54,1.97,861,11.57,1.96,0.29
٦:١٩:٠٩ م,11.46,2.02,871,11.47,2,0.1
٦:١٩:١٠ م,11.64,2,874,11.62,2,0.14
٦:١٩:١١ م,11.53,1.98,856,11.51,1.97,0.14
٦:١٩:١٢ م,11.64,1.98,865,11.64,2,0
٦:١٩:١٣ م,11.6,2.02,844,11.57,2.02,0.24
٦:١٩:١٤ م,11.71,2.1,836,11.75,2.1,0.38
٦:١٩:١٥ م,11.87,2.12,837,11.85,2.12,0.16
٦:١٩:١٦ م,11.93,2.18,827,11.98,2.19,0.36
٦:١٩:١٨ م,12.07,2.21,850,12.09,2.19,0.15
٦:١٩:١٩ م,12.17,2.14,835,12.2,2.13,0.26
٦:١٩:٢٠ م,12.28,2.17,816,12.25,2.19,0.25
٦:١٩:٢١ م,12.22,2.25,826,12.19,2.26,0.22
٦:١٩:٢٢ م,12.35,2.24,838,12.31,2.24,0.3
٦:١٩:٢٣ م,12.46,2.15,848,12.42,2.14,0.34
٦:١٩:٢٤ م,12.38,2.1,827,12.41,2.08,0.26
٦:١٩:٢٥ م,12.25,2.1,821,12.24,2.11,0.03
٦:١٩:٢٦ م,12.11,2.13,804,12.06,2.14,0.37
٦:١٩:٢٧ م,11.91,2.04,795,11.91,2.02,0.05
٦:١٩:٢٨ م,11.79,2.11,801,11.78,2.13,0.13
٦:١٩:٢٩ م,11.75,2.1,777,11.75,2.09,0.03
٦:١٩:٣٠ م,11.74,2.09,783,11.74,2.08,0.05
٦:١٩:٣١ م,11.83,2.12,769,11.83,2.13,0.05
٦:١٩:٣٢ م,11.76,2.05,754,11.74,2.05,0.12
٦:١٩:٣٣ م,11.9,2.14,753,11.89,2.14,0.13
٦:١٩:٣٤ م,11.91,2.23,743,11.91,2.23,0
٦:١٩:٣٥ م,12.06,2.28,736,12.04,2.28,0.12
٦:١٩:٣٦ م,12.03,2.24,723,12.06,2.22,0.21
٦:١٩:٣٧ م,11.84,2.27,710,11.87,2.25,0.2
٦:١٩:٣٨ م,11.75,2.2,706,11.8,2.18,0.41
٦:١٩:٣٩ م,11.83,2.15,681,11.83,2.17,0.05
٦:١٩:٤٠ م,11.69,2.13,675,11.7,2.12,0.04
٦:١٩:٤١ م,11.86,2.06,660,11.83,2.04,0.28
٦:١٩:٤٢ م,12.06,2,683,12.05,2.01,0.04
٦:١٩:٤٣ م,11.95,1.95,675,11.9,1.95,0.41
٦:١٩:٤٤ م,11.96,2.05,680,12.01,2.05,0.39
٦:١٩:٤٥ م,11.81,2.11,694,11.83,2.1,0.21
٦:١٩:٤٦ م,11.93,2.12,718,11.96,2.1,0.22
٦:١٩:٤٧ م,11.87,2.14,741,11.86,2.16,0.03
٦:١٩:٤٨ م,11.86,2.2,743,11.91,2.18,0.38
٦:١٩:٤٩ م,11.94,2.22,735,11.96,2.23,0.1
٦:١٩:٥٠ م,12.1,2.29,747,12.13,2.3,0.26
٦:١٩:٥١ م,12.26,2.25,732,12.22,2.26,0.34
٦:١٩:٥٢ م,12.14,2.15,713,12.18,2.17,0.34
٦:١٩:٥٣ م,12.04,2.07,727,12.01,2.08,0.25
٦:١٩:٥٤ م,11.94,2.04,736,11.92,2.05,0.24
٦:١٩:٥٥ م,11.81,2.02,751,11.85,2.03,0.29
٦:١٩:٥٦ م,11.76,1.94,742,11.76,1.92,0.03
٦:١٩:٥٧ م,11.57,1.97,726,11.55,1.97,0.16
٦:١٩:٥٨ م,11.59,2.01,701,11.62,2.03,0.22
٦:١٩:٥٩ م,11.41,2.02,697,11.45,2.03,0.33
٦:٢٠:٠٠ م,11.4,2.02,717,11.38,2.03,0.16
٦:٢٠:٠١ م,11.52,2.06,702,11.51,2.08,0.07
٦:٢٠:٠٢ م,11.68,2.13,702,11.65,2.11,0.19
٦:٢٠:٠٣ م,11.74,2.1,696,11.71,2.11,0.25
٦:٢٠:٠٤ م,11.61,2.02,699,11.6,2.03,0.11
٦:٢٠:٠٥ م,11.57,2.06,708,11.53,2.07,0.34
٦:٢٠:٠٦ م,11.4,2.15,695,11.44,2.17,0.35
٦:٢٠:٠٧ م,11.25,2.17,718,11.28,2.14,0.28
٦:٢٠:٠٨ م,11.28,2.24,702,11.28,2.23,0.04
٦:٢٠:٠٩ م,11.23,2.33,690,11.26,2.33,0.31
٦:٢٠:١٠ م,11.12,2.27,683,11.1,2.27,0.16
٦:٢٠:١١ م,10.99,2.3,658,10.96,2.3,0.23
٦:٢٠:١٢ م,10.83,2.22,670,10.81,2.2,0.22
٦:٢٠:١٣ م,10.75,2.21,657,10.71,2.22,0.38
٦:٢٠:١٤ م,10.61,2.3,659,10.6,2.32,0.11
٦:٢٠:١٥ م,10.77,2.25,649,10.78,2.23,0.16
٦:٢٠:١٦ م,10.61,2.3,625,10.6,2.29,0.08
٦:٢٠:١٧ م,10.76,2.23,637,10.81,2.2,0.45
٦:٢٠:١٨ م,10.68,2.31,631,10.66,2.31,0.17
٦:٢٠:١٩ م,10.73,2.4,622,10.74,2.39,0.1
٦:٢٠:٢٠ م,10.61,2.43,617,10.57,2.41,0.37
٦:٢٠:٢١ م,10.78,2.46,638,10.82,2.45,0.36
٦:٢٠:٢٢ م,10.73,2.52,616,10.76,2.51,0.24
٦:٢٠:٢٣ م,10.63,2.48,615,10.6,2.5,0.29
٦:٢٠:٢٤ م,10.63,2.48,638,10.64,2.5,0.09
٦:٢٠:٢٥ م,10.67,2.51,623,10.68,2.49,0.03
٦:٢٠:٢٦ م,10.79,2.53,623,10.8,2.51,0.1
٦:٢٠:٢٧ م,10.81,2.55,618,10.85,2.55,0.36
٦:٢٠:٢٨ م,10.78,2.61,594,10.8,2.59,0.22
٦:٢٠:٢٩ م,10.58,2.62,573,10.58,2.61,0.06
٦:٢٠:٣٠ م,10.73,2.55,581,10.69,2.55,0.37
٦:٢٠:٣١ م,10.91,2.47,596,10.94,2.48,0.28
٦:٢٠:٣٢ م,10.82,2.52,613,10.82,2.51,0.03
٦:٢٠:٣٣ م,10.78,2.48,594,10.81,2.5,0.26
٦:٢٠:٣٤ م,10.72,2.45,584,10.72,2.44,0.03
٦:٢٠:٣٥ م,10.64,2.53,560,10.63,2.55,0.13
٦:٢٠:٣٦ م,10.55,2.52,545,10.57,2.5,0.22
٦:٢٠:٣٧ م,10.48,2.43,570,10.49,2.43,0.05
٦:٢٠:٣٨ م,10.64,2.42,569,10.67,2.43,0.33
٦:٢٠:٣٩ م,10.48,2.4,589,10.52,2.42,0.33
٦:٢٠:٤٠ م,10.45,2.34,598,10.46,2.34,0.08
٦:٢٠:٤١ م,10.47,2.34,615,10.48,2.36,0.04
٦:٢٠:٤٢ م,10.66,2.33,623,10.62,2.34,0.39
٦:٢٠:٤٣ م,10.72,2.37,600,10.7,2.36,0.2
٦:٢٠:٤٤ م,10.55,2.31,591,10.5,2.31,0.45
٦:٢٠:٤٥ م,10.48,2.27,590,10.51,2.24,0.25
٦:٢٠:٤٦ م,10.31,2.22,592,10.33,2.24,0.2
٦:٢٠:٤٧ م,10.31,2.14,582,10.36,2.16,0.42
٦:٢٠:٤٨ م,10.43,2.17,591,10.43,2.18,0.01
٦:٢٠:٤٩ م,10.57,2.14,601,10.61,2.12,0.35
٦:٢٠:٥٠ م,10.56,2.05,586,10.58,2.08,0.2
٦:٢٠:٥١ م,10.66,1.95,572,10.63,1.97,0.29
٦:٢٠:٥٢ م,10.59,1.87,562,10.59,1.88,0.01
٦:٢٠:٥٣ م,10.62,1.85,557,10.66,1.87,0.38
٦:٢٠:٥٤ م,10.79,1.91,546,10.84,1.93,0.46
٦:٢٠:٥٥ م,10.8,1.94,550,10.75,1.95,0.46
٦:٢٠:٥٦ م,10.8,2.01,532,10.79,2,0.05
٦:٢٠:٥٧ م,11,1.96,515,11.02,1.96,0.22
٦:٢٠:٥٨ م,10.82,1.91,490,10.79,1.92,0.29
٦:٢٠:٥٩ م,10.68,1.87,490,10.67,1.88,0.08
٦:٢١:٠٠ م,10.71,1.84,477,10.75,1.85,0.3
٦:٢١:٠١ م,10.7,1.74,476,10.7,1.75,0.02
٦:٢١:٠٢ م,10.51,1.65,454,10.55,1.63,0.39
٦:٢١:٠٣ م,10.45,1.62,434,10.42,1.64,0.25
٦:٢١:٠٤ م,10.27,1.56,456,10.29,1.57,0.21
٦:٢١:٠٥ م,10.45,1.5,462,10.49,1.49,0.37
٦:٢١:٠٦ م,10.44,1.43,440,10.46,1.44,0.21
٦:٢١:٠٧ م,10.56,1.4,419,10.57,1.37,0.08
٦:٢١:٠٨ م,10.71,1.41,417,10.76,1.42,0.44
٦:٢١:٠٩ م,10.88,1.38,424,10.86,1.36,0.22
٦:٢١:١٠ م,10.76,1.41,439,10.76,1.39,0.02
٦:٢١:١١ م,10.56,1.33,460,10.53,1.31,0.22
٦:٢١:١٢ م,10.42,1.27,479,10.46,1.26,0.4
٦:٢١:١٤ م,10.25,1.19,490,10.21,1.21,0.36
٦:٢١:١٥ م,10.14,1.15,487,10.16,1.15,0.13
٦:٢١:١٦ م,10.27,1.14,489,10.23,1.15,0.35
٦:٢١:١٧ م,10.19,1.23,504,10.2,1.22,0.1
٦:٢١:١٨ م,10.2,1.19,480,10.2,1.19,0.07
٦:٢١:١٩ م,10.38,1.13,489,10.41,1.13,0.3
٦:٢١:٢٠ م,10.22,1.1,498,10.22,1.09,0.05
٦:٢١:٢١ م,10.17,1.09,485,10.2,1.06,0.27
٦:٢١:٢٢ م,10.22,1.03,483,10.23,1.04,0.14
٦:٢١:٢٣ م,10.36,1.06,460,10.37,1.07,0.13
٦:٢١:٢٤ م,10.53,1.05,443,10.52,1.05,0.1
٦:٢١:٢٥ م,10.56,1.03,458,10.59,1.03,0.31
٦:٢١:٢٦ م,10.43,1.1,448,10.45,1.08,0.18
٦:٢١:٢٧ م,10.26,1.11,424,10.21,1.1,0.49
٦:٢١:٢٨ م,10.45,1.18,414,10.46,1.18,0.09
٦:٢١:٢٩ م,10.34,1.13,407,10.32,1.13,0.2
٦:٢١:٣٠ م,10.42,1.07,408,10.47,1.08,0.46
٦:٢١:٣١ م,10.27,1.01,416,10.28,1.01,0.09
٦:٢١:٣٢ م,10.32,0.96,399,10.36,0.98,0.45
٦:٢١:٣٣ م,10.2,0.93,419,10.23,0.92,0.31
٦:٢١:٣٤ م,10.08,0.93,433,10.06,0.94,0.19
٦:٢١:٣٥ م,10.09,0.9,414,10.08,0.87,0.07
٦:٢١:٣٦ م,10.01,0.9,434,9.98,0.9,0.35
٦:٢١:٣٧ م,9.94,0.94,458,9.97,0.94,0.3
٦:٢١:٣٨ م,10.06,0.91,442,10.06,0.9,0.04
٦:٢١:٣٩ م,10.04,0.9,420,10.02,0.92,0.22
٦:٢١:٤٠ م,9.98,0.9,438,10.01,0.92,0.26
٦:٢١:٤١ م,10.15,0.85,431,10.1,0.85,0.44
٦:٢١:٤٢ م,10.28,0.76,450,10.25,0.76,0.25
٦:٢١:٤٣ م,10.17,0.75,429,10.14,0.73,0.28
٦:٢١:٤٤ م,10,0.76,427,10.03,0.75,0.24
٦:٢١:٤٥ م,9.88,0.81,407,9.91,0.82,0.35
٦:٢١:٤٦ م,10.06,0.87,404,10.1,0.88,0.38
٦:٢١:٤٧ م,10.08,0.97,379,10.07,0.97,0.03
٦:٢١:٤٨ م,9.96,0.92,377,9.94,0.93,0.24
٦:٢١:٤٩ م,9.79,1.01,395,9.77,1,0.15
٦:٢١:٥٠ م,9.98,0.99,415,9.96,1.01,0.17
٦:٢١:٥١ م,10.04,0.89,425,10.01,0.9,0.3
٦:٢١:٥٢ م,10.08,0.79,430,10.06,0.8,0.17
٦:٢١:٥٣ م,10.18,0.75,410,10.15,0.75,0.22
٦:٢١:٥٤ م,10.16,0.82,414,10.17,0.81,0.06
٦:٢١:٥٥ م,10.36,0.8,415,10.37,0.8,0.09
٦:٢١:٥٦ م,10.17,0.82,414,10.16,0.8,0.11
٦:٢١:٥٧ م,10.15,0.73,398,10.2,0.71,0.49
٦:٢١:٥٨ م,10.11,0.83,418,10.07,0.85,0.46
٦:٢١:٥٩ م,10.15,0.75,395,10.17,0.75,0.25
٦:٢٢:٠٠ م,10.15,0.72,411,10.12,0.72,0.33
٦:٢٢:٠١ م,10,0.66,424,10.04,0.67,0.4
٦:٢٢:٠٢ م,9.97,0.75,427,9.96,0.73,0.17
٦:٢٢:٠٣ م,10.16,0.84,438,10.2,0.86,0.34
٦:٢٢:٠٤ م,10.04,0.8,457,10,0.78,0.35
٦:٢٢:٠٥ م,10.03,0.77,457,10.08,0.75,0.44
٦:٢٢:٠٦ م,10.02,0.87,444,9.97,0.85,0.47
٦:٢٢:٠٧ م,9.97,0.77,452,9.94,0.79,0.35
٦:٢٢:٠٨ م,9.8,0.69,452,9.77,0.68,0.23
٦:٢٢:٠٩ م,9.81,0.61,456,9.81,0.6,0.02
٦:٢٢:١٠ م,9.67,0.55,438,9.64,0.56,0.28
٦:٢٢:١١ م,9.81,0.51,460,9.86,0.49,0.46
٦:٢٢:١٢ م,9.92,0.53,450,9.93,0.53,0.05
٦:٢٢:١٣ م,9.98,0.58,455,9.96,0.58,0.18
٦:٢٢:١٤ م,9.9,0.62,478,9.88,0.63,0.23
٦:٢٢:١٥ م,9.98,0.62,467,10.02,0.6,0.37
٦:٢٢:١٦ م,10.09,0.62,475,10.07,0.65,0.21
٦:٢٢:١٧ م,9.89,0.54,479,9.89,0.55,0.01
٦:٢٢:١٨ م,9.85,0.61,497,9.85,0.61,0.07
٦:٢٢:١٩ م,9.7,0.56,498,9.67,0.57,0.27
٦:٢٢:٢٠ م,9.6,0.59,513,9.56,0.58,0.44
٦:٢٢:٢١ م,9.53,0.56,520,9.58,0.58,0.52
٦:٢٢:٢٢ م,9.64,0.46,529,9.65,0.48,0.12
٦:٢٢:٢٣ م,9.57,0.38,541,9.57,0.36,0.09
٦:٢٢:٢٤ م,9.75,0.48,533,9.75,0.48,0.05
٦:٢٢:٢٥ م,9.75,0.49,536,9.78,0.47,0.37
٦:٢٢:٢٦ م,9.73,0.46,518,9.7,0.48,0.31
٦:٢٢:٢٧ م,9.93,0.56,510,9.94,0.57,0.12
٦:٢٢:٢٨ م,9.86,0.53,485,9.83,0.54,0.31
٦:٢٢:٢٩ م,9.88,0.59,467,9.91,0.6,0.38
٦:٢٢:٣٠ م,9.85,0.63,481,9.87,0.65,0.17
٦:٢٢:٣١ م,9.76,0.65,498,9.74,0.64,0.17
٦:٢٢:٣٢ م,9.79,0.68,504,9.82,0.7,0.27
٦:٢٢:٣٣ م,9.81,0.59,527,9.79,0.59,0.15
٦:٢٢:٣٤ م,9.93,0.49,546,9.97,0.51,0.44
٦:٢٢:٣٥ م,9.78,0.55,541,9.75,0.54,0.34
٦:٢٢:٣٦ م,9.69,0.46,526,9.66,0.44,0.32
٦:٢٢:٣٧ م,9.56,0.5,549,9.58,0.51,0.25
٦:٢٢:٣٨ م,9.5,0.45,553,9.53,0.48,0.34
٦:٢٢:٣٩ م,9.48,0.39,547,9.47,0.38,0.15
٦:٢٢:٤٠ م,9.55,0.33,550,9.52,0.35,0.26
٦:٢٢:٤١ م,9.39,0.3,525,9.42,0.32,0.27
٦:٢٢:٤٢ م,9.55,0.22,531,9.57,0.24,0.25
٦:٢٢:٤٣ م,9.42,0.23,540,9.38,0.22,0.38
٦:٢٢:٤٤ م,9.27,0.2,539,9.29,0.2,0.14
٦:٢٢:٤٥ م,9.33,0.23,547,9.35,0.25,0.2
٦:٢٢:٤٦ م,9.23,0.26,539,9.22,0.24,0.17
٦:٢٢:٤٧ م,9.05,0.22,554,9.05,0.22,0.02
٦:٢٢:٤٨ م,9.06,0.32,540,9.09,0.31,0.37
٦:٢٢:٤٩ م,9.16,0.24,547,9.16,0.23,0.01
٦:٢٢:٥٠ م,9.09,0.24,538,9.12,0.25,0.37
٦:٢٢:٥١ م,8.96,0.17,553,8.98,0.19,0.19
٦:٢٢:٥٢ م,8.95,0.14,544,8.91,0.17,0.45
٦:٢٢:٥٤ م,8.83,0.11,524,8.79,0.11,0.45
٦:٢٢:٥٥ م,8.89,0.14,537,8.86,0.16,0.36
٦:٢٢:٥٦ م,8.85,0.17,535,8.88,0.15,0.32
٦:٢٢:٥٧ م,8.94,0.23,540,8.9,0.21,0.4
٦:٢٢:٥٨ م,8.87,0.27,547,8.85,0.27,0.28
٦:٢٢:٥٩ م,8.95,0.27,539,8.97,0.26,0.29
٦:٢٣:٠٠ م,8.92,0.28,562,8.9,0.29,0.13
٦:٢٣:٠١ م,8.84,0.2,568,8.81,0.21,0.34
٦:٢٣:٠٢ م,8.99,0.12,580,9.03,0.14,0.51
٦:٢٣:٠٣ م,9.03,0.05,560,9.05,0.02,0.24
٦:٢٣:٠٤ م,8.94,0.06,539,8.91,0.04,0.44
٦:٢٣:٠٥ م,8.85,0.08,531,8.8,0.06,0.53
٦:٢٣:٠٦ م,8.9,0.16,549,8.93,0.17,0.36
٦:٢٣:٠٧ م,8.79,0.1,545,8.79,0.11,0.01
٦:٢٣:٠٨ م,8.69,0.02,544,8.71,0.02,0.16
٦:٢٣:٠٩ م,8.57,0,520,8.62,-0.02,0.49
٦:٢٣:١٠ م,8.56,0.01,497,8.58,0.04,0.21
٦:٢٣:١١ م,8.75,0.04,484,8.71,0.06,0.47
٦:٢٣:١٢ م,8.9,0,475,8.9,-0.02,0.03
٦:٢٣:١٣ م,9.08,0.04,452,9.04,0.03,0.54
٦:٢٣:١٤ م,8.94,0.11,476,8.89,0.13,0.5
٦:٢٣:١٥ م,8.92,0.21,497,8.96,0.21,0.45
٦:٢٣:١٦ م,8.77,0.2,477,8.72,0.2,0.54
٦:٢٣:١٧ م,8.59,0.13,461,8.55,0.12,0.38
٦:٢٣:١٨ م,8.57,0.07,445,8.56,0.1,0.05
٦:٢٣:١٩ م,8.43,0.12,424,8.38,0.1,0.6
٦:٢٣:٢٠ م,8.34,0.08,445,8.36,0.05,0.21
٦:٢٣:٢١ م,8.26,0.16,432,8.28,0.14,0.2
٦:٢٣:٢٢ م,8.29,0.25,434,8.33,0.23,0.48
٦:٢٣:٢٣ م,8.22,0.34,443,8.22,0.32,0.06
٦:٢٣:٢٤ م,8.11,0.4,430,8.06,0.38,0.61
٦:٢٣:٢٥ م,7.91,0.39,435,7.95,0.38,0.48
٦:٢٣:٢٦ م,7.81,0.31,448,7.85,0.33,0.58
٦:٢٣:٢٧ م,7.66,0.34,464,7.69,0.33,0.45
٦:٢٣:٢٨ م,7.85,0.32,482,7.88,0.32,0.37
٦:٢٣:٢٩ م,7.8,0.24,487,7.82,0.26,0.27
٦:٢٣:٣٠ م,7.93,0.3,493,7.93,0.32,0.07
٦:٢٣:٣١ م,7.89,0.25,496,7.91,0.27,0.19
٦:٢٣:٣٢ م,7.87,0.3,473,7.88,0.31,0.18
٦:٢٣:٣٣ م,8.04,0.38,495,8.06,0.39,0.2
٦:٢٣:٣٤ م,8.09,0.35,511,8.1,0.35,0.15
٦:٢٣:٣٥ م,8.04,0.42,496,8.01,0.43,0.29
٦:٢٣:٣٦ م,8.11,0.44,510,8.12,0.42,0.07
٦:٢٣:٣٧ م,8.27,0.47,508,8.31,0.5,0.5
٦:٢٣:٣٨ م,8.45,0.56,501,8.44,0.54,0.1
٦:٢٣:٣٩ م,8.49,0.5,495,8.52,0.48,0.4
٦:٢٣:٤٠ م,8.41,0.51,517,8.4,0.49,0.19
٦:٢٣:٤١ م,8.42,0.58,507,8.38,0.56,0.47
٦:٢٣:٤٢ م,8.36,0.56,529,8.34,0.55,0.28
٦:٢٣:٤٣ م,8.55,0.5,547,8.58,0.48,0.3
٦:٢٣:٤٤ م,8.72,0.49,567,8.77,0.48,0.54
٦:٢٣:٤٥ م,8.64,0.5,570,8.66,0.47,0.29
٦:٢٣:٤٦ م,8.77,0.5,564,8.76,0.5,0.07
٦:٢٣:٤٧ م,8.84,0.44,541,8.86,0.45,0.19
٦:٢٣:٤٨ م,8.97,0.38,523,8.94,0.38,0.38
٦:٢٣:٤٩ م,8.8,0.28,503,8.84,0.3,0.42
٦:٢٣:٥٠ م,8.79,0.27,505,8.79,0.26,0.06
٦:٢٣:٥١ م,8.69,0.27,486,8.69,0.25,0.09
٦:٢٣:٥٢ م,8.58,0.18,463,8.54,0.17,0.48
٦:٢٣:٥٣ م,8.67,0.23,461,8.69,0.24,0.2
٦:٢٣:٥٤ م,8.58,0.27,467,8.55,0.25,0.33
٦:٢٣:٥٥ م,8.56,0.24,447,8.57,0.22,0.07
٦:٢٣:٥٦ م,8.55,0.19,456,8.6,0.17,0.53
٦:٢٣:٥٧ م,8.49,0.11,435,8.44,0.1,0.58
٦:٢٣:٥٨ م,8.34,0.12,415,8.33,0.14,0.12
٦:٢٣:٥٩ م,8.2,0.04,439,8.2,0.03,0.01
٦:٢٤:٠٠ م,8.32,0.07,456,8.28,0.07,0.47
٦:٢٤:٠١ م,8.43,0.06,440,8.39,0.06,0.41
٦:٢٤:٠٢ م,8.46,0.15,455,8.5,0.18,0.39
٦:٢٤:٠٣ م,8.46,0.18,450,8.45,0.21,0.13
٦:٢٤:٠٤ م,8.33,0.2,445,8.29,0.21,0.5
٦:٢٤:٠٥ م,8.4,0.21,430,8.37,0.23,0.38
٦:٢٤:٠٦ م,8.56,0.14,444,8.55,0.15,0.14
٦:٢٤:٠٧ م,8.63,0.18,439,8.6,0.17,0.31
٦:٢٤:٠٨ م,8.82,0.08,437,8.78,0.07,0.51
٦:٢٤:٠٩ م,8.87,0.14,460,8.88,0.15,0.08
٦:٢٤:١٠ م,8.88,0.13,465,8.87,0.13,0.11
٦:٢٤:١١ م,8.94,0.21,482,8.9,0.2,0.52
٦:٢٤:١٢ م,8.75,0.27,471,8.79,0.28,0.52
٦:٢٤:١٣ م,8.92,0.32,479,8.97,0.33,0.55
٦:٢٤:١٤ م,8.77,0.41,485,8.73,0.41,0.47
٦:٢٤:١٥ م,8.72,0.32,490,8.74,0.3,0.32
٦:٢٤:١٦ م,8.9,0.22,485,8.89,0.22,0.13
٦:٢٤:١٧ م,8.89,0.29,507,8.89,0.28,0.01
٦:٢٤:١٨ م,9.04,0.25,501,9.02,0.25,0.22
٦:٢٤:١٩ م,9.04,0.32,517,9.02,0.3,0.24
٦:٢٤:٢٠ م,9.02,0.32,528,9.04,0.3,0.31
٦:٢٤:٢١ م,9.01,0.25,518,9,0.23,0.06
٦:٢٤:٢٢ م,9,0.27,526,9,0.25,0.02
٦:٢٤:٢٣ م,9,0.19,512,9,0.21,0.04
٦:٢٤:٢٤ م,9.19,0.26,513,9.22,0.27,0.33
٦:٢٤:٢٥ م,9.03,0.25,492,9.02,0.25,0.13
٦:٢٤:٢٦ م,9.08,0.16,471,9.04,0.17,0.49
٦:٢٤:٢٧ م,9.22,0.12,476,9.18,0.1,0.46
٦:٢٤:٢٩ م,9.35,0.04,478,9.39,0.04,0.46
٦:٢٤:٣٠ م,9.18,0.01,466,9.18,0.03,0.06
٦:٢٤:٣١ م,9.37,0,445,9.4,-0.01,0.34
٦:٢٤:٣٢ م,9.38,0.03,431,9.33,0.02,0.48
٦:٢٤:٣٣ م,9.55,0.06,435,9.56,0.08,0.1
٦:٢٤:٣٤ م,9.69,0,450,9.73,-0.01,0.44
٦:٢٤:٣٥ م,9.55,0.08,451,9.58,0.06,0.31
٦:٢٤:٣٦ م,9.5,0.1,468,9.55,0.08,0.49
٦:٢٤:٣٧ م,9.61,0.19,453,9.62,0.18,0.1
٦:٢٤:٣٨ م,9.57,0.21,449,9.54,0.19,0.32
٦:٢٤:٣٩ م,9.41,0.25,444,9.38,0.23,0.38
٦:٢٤:٤٠ م,9.38,0.32,440,9.42,0.31,0.48
٦:٢٤:٤١ م,9.26,0.34,416,9.23,0.36,0.33
٦:٢٤:٤٢ م,9.25,0.35,427,9.27,0.34,0.26
٦:٢٤:٤٣ م,9.17,0.38,449,9.14,0.37,0.34
٦:٢٤:٤٤ م,9.04,0.36,439,9.09,0.36,0.5
٦:٢٤:٤٥ م,9.08,0.32,459,9.1,0.3,0.19
٦:٢٤:٤٦ م,8.98,0.31,474,8.97,0.31,0.12
٦:٢٤:٤٧ م,8.94,0.23,464,8.93,0.24,0.18
٦:٢٤:٤٨ م,9.03,0.24,488,9.03,0.23,0.01
٦:٢٤:٤٩ م,8.85,0.19,478,8.84,0.17,0.1
٦:٢٤:٥٠ م,8.77,0.28,462,8.79,0.26,0.27
٦:٢٤:٥١ م,8.8,0.31,475,8.8,0.32,0.03
٦:٢٤:٥٢ م,8.69,0.37,490,8.73,0.36,0.43
٦:٢٤:٥٣ م,8.64,0.41,479,8.65,0.4,0.2
٦:٢٤:٥٤ م,8.63,0.44,487,8.64,0.44,0.17
٦:٢٤:٥٥ م,8.82,0.5,509,8.8,0.51,0.17
٦:٢٤:٥٦ م,8.93,0.41,491,8.89,0.42,0.49
٦:٢٤:٥٧ م,9.12,0.34,501,9.09,0.34,0.33
٦:٢٤:٥٨ م,9.04,0.3,523,9.03,0.32,0.04
٦:٢٤:٥٩ م,9.15,0.25,540,9.16,0.27,0.06
٦:٢٥:٠٠ م,9.09,0.28,562,9.14,0.26,0.5
٦:٢٥:٠١ م,9.17,0.26,566,9.17,0.26,0.04
٦:٢٥:٠٢ م,9.27,0.23,584,9.24,0.24,0.38
٦:٢٥:٠٣ م,9.32,0.25,564,9.28,0.25,0.39
٦:٢٥:٠٤ م,9.4,0.28,583,9.45,0.3,0.45
٦:٢٥:٠٥ م,9.44,0.21,564,9.46,0.23,0.19
٦:٢٥:٠٦ م,9.29,0.3,545,9.28,0.32,0.1
٦:٢٥:٠٧ م,9.36,0.39,545,9.33,0.38,0.36
٦:٢٥:٠٨ م,9.38,0.4,557,9.37,0.41,0.14
٦:٢٥:٠٩ م,9.28,0.4,533,9.25,0.39,0.23
٦:٢٥:١٠ م,9.24,0.35,524,9.2,0.38,0.46
٦:٢٥:١١ م,9.26,0.42,530,9.31,0.42,0.54
٦:٢٥:١٢ م,9.16,0.41,530,9.13,0.39,0.34
٦:٢٥:١٣ م,9.26,0.47,554,9.25,0.48,0.13
٦:٢٥:١٤ م,9.08,0.49,575,9.12,0.49,0.46
٦:٢٥:١٥ م,9.01,0.49,565,9,0.47,0.07
٦:٢٥:١٦ م,9.2,0.53,555,9.22,0.51,0.21
٦:٢٥:١٧ م,9.08,0.57,579,9.09,0.6,0.11
٦:٢٥:١٨ م,8.92,0.5,592,8.87,0.48,0.5
٦:٢٥:١٩ م,9.06,0.52,611,9.11,0.51,0.53
٦:٢٥:٢٠ م,9.22,0.51,605,9.2,0.52,0.2
٦:٢٥:٢١ م,9.14,0.59,611,9.11,0.6,0.37
٦:٢٥:٢٢ م,9.07,0.63,610,9.06,0.62,0.07
٦:٢٥:٢٣ م,9.01,0.55,600,9.02,0.55,0.07
٦:٢٥:٢٤ م,9.17,0.63,595,9.16,0.62,0.08
٦:٢٥:٢٥ م,9.19,0.63,571,9.21,0.62,0.19
٦:٢٥:٢٦ م,9.03,0.6,572,9.01,0.59,0.24
٦:٢٥:٢٧ م,8.97,0.67,547,8.97,0.66,0.03
٦:٢٥:٢٨ م,9.13,0.75,569,9.11,0.74,0.19
٦:٢٥:٢٩ م,9.03,0.81,563,9.03,0.83,0.03
٦:٢٥:٣٠ م,9.21,0.77,581,9.17,0.75,0.42
٦:٢٥:٣١ م,9.15,0.77,581,9.18,0.78,0.35
٦:٢٥:٣٢ م,9.29,0.87,572,9.32,0.87,0.35
٦:٢٥:٣٣ م,9.4,0.82,574,9.39,0.84,0.04
٦:٢٥:٣٤ م,9.34,0.91,587,9.32,0.93,0.14
٦:٢٥:٣٥ م,9.28,1,588,9.32,0.99,0.44
٦:٢٥:٣٦ م,9.12,1.02,608,9.14,1,0.25
٦:٢٥:٣٧ م,8.97,1.05,630,8.93,1.04,0.45
٦:٢٥:٣٨ م,8.93,1.02,621,8.98,0.99,0.51
٦:٢٥:٣٩ م,8.94,0.92,612,8.96,0.92,0.25
٦:٢٥:٤٠ م,8.89,0.99,594,8.88,1.01,0.11
٦:٢٥:٤١ م,8.88,0.99,603,8.89,1.02,0.12
٦:٢٥:٤٢ م,8.68,0.99,598,8.66,0.99,0.26
٦:٢٥:٤٣ م,8.72,0.91,605,8.72,0.94,0.01
٦:٢٥:٤٤ م,8.9,0.93,587,8.87,0.91,0.36
٦:٢٥:٤٥ م,8.92,0.87,576,8.91,0.89,0.14
٦:٢٥:٤٦ م,9.01,0.95,592,8.96,0.96,0.55
٦:٢٥:٤٧ م,9.06,0.85,600,9.07,0.85,0.08
٦:٢٥:٤٨ م,8.93,0.93,582,8.95,0.93,0.18
٦:٢٥:٤٩ م,8.83,1.01,593,8.81,1.03,0.13
٦:٢٥:٥٠ م,8.99,1.03,596,8.95,1.06,0.45
٦:٢٥:٥١ م,9.04,0.96,580,9.09,0.96,0.55
٦:٢٥:٥٢ م,8.91,0.93,598,8.86,0.94,0.56
٦:٢٥:٥٣ م,8.73,0.89,615,8.77,0.9,0.43
٦:٢٥:٥٤ م,8.53,0.97,603,8.56,0.96,0.41
٦:٢٥:٥٥ م,8.33,1.01,585,8.34,0.99,0.04
٦:٢٥:٥٦ م,8.19,0.99,577,8.19,1,0.07
٦:٢٥:٥٧ م,8.28,1.08,593,8.33,1.06,0.54
٦:٢٥:٥٨ م,8.34,1.08,611,8.31,1.1,0.31
٦:٢٥:٥٩ م,8.48,1.04,588,8.49,1.06,0.07
٦:٢٦:٠٠ م,8.59,1.03,602,8.59,1.01,0
٦:٢٦:٠١ م,8.66,1.09,595,8.62,1.08,0.47
٦:٢٦:٠٢ م,8.5,1.17,619,8.54,1.17,0.49
٦:٢٦:٠٣ م,8.67,1.12,634,8.62,1.11,0.51
٦:٢٦:٠٤ م,8.55,1.16,623,8.51,1.16,0.44
٦:٢٦:٠٥ م,8.35,1.07,616,8.32,1.08,0.44
٦:٢٦:٠٦ م,8.19,1.04,640,8.19,1.05,0.03
٦:٢٦:٠٧ م,8.01,1.06,652,8.01,1.06,0.08
٦:٢٦:٠٨ م,7.91,1.11,661,7.94,1.13,0.35
٦:٢٦:١٠ م,7.87,1.19,671,7.91,1.2,0.47
٦:٢٦:١١ م,7.97,1.16,653,7.94,1.17,0.37
٦:٢٦:١٢ م,8.01,1.23,642,8.04,1.23,0.34
٦:٢٦:١٣ م,8.17,1.14,624,8.18,1.16,0.19
٦:٢٦:١٤ م,8.32,1.23,639,8.35,1.23,0.28
٦:٢٦:١٥ م,8.36,1.22,620,8.32,1.24,0.49
٦:٢٦:١٦ م,8.42,1.19,637,8.44,1.17,0.28
٦:٢٦:١٧ م,8.42,1.29,616,8.38,1.27,0.52
٦:٢٦:١٨ م,8.44,1.33,628,8.42,1.3,0.23
٦:٢٦:١٩ م,8.51,1.27,614,8.49,1.29,0.23
٦:٢٦:٢٠ م,8.61,1.32,601,8.57,1.31,0.47
٦:٢٦:٢١ م,8.75,1.38,590,8.75,1.39,0.06
٦:٢٦:٢٢ م,8.86,1.36,570,8.86,1.36,0.05
٦:٢٦:٢٣ م,8.81,1.38,553,8.86,1.38,0.56
٦:٢٦:٢٤ م,8.99,1.39,565,9,1.41,0.15
٦:٢٦:٢٥ م,8.79,1.44,545,8.8,1.42,0.12
٦:٢٦:٢٦ م,8.83,1.43,535,8.83,1.41,0
٦:٢٦:٢٧ م,8.64,1.41,518,8.61,1.41,0.26
٦:٢٦:٢٨ م,8.76,1.48,510,8.78,1.47,0.23
٦:٢٦:٢٩ م,8.91,1.53,530,8.91,1.51,0
٦:٢٦:٣٠ م,9.09,1.52,533,9.04,1.52,0.5
٦:٢٦:٣١ م,9.01,1.59,526,9.04,1.62,0.39
٦:٢٦:٣٢ م,8.98,1.65,530,9,1.65,0.21
٦:٢٦:٣٣ م,8.83,1.6,532,8.85,1.59,0.23
٦:٢٦:٣٤ م,8.94,1.51,550,8.95,1.5,0.11
٦:٢٦:٣٥ م,9.02,1.42,569,9.01,1.4,0.06
٦:٢٦:٣٦ م,8.9,1.43,555,8.91,1.44,0.16
٦:٢٦:٣٧ م,8.78,1.38,567,8.82,1.38,0.51
٦:٢٦:٣٨ م,8.97,1.32,581,8.98,1.32,0.15
٦:٢٦:٣٩ م,8.99,1.27,560,8.97,1.28,0.24
٦:٢٦:٤٠ م,8.88,1.36,562,8.85,1.35,0.36
٦:٢٦:٤١ م,8.9,1.37,567,8.89,1.37,0.06
٦:٢٦:٤٢ م,8.98,1.33,592,8.94,1.34,0.41
٦:٢٦:٤٣ م,9.15,1.39,602,9.11,1.39,0.44
٦:٢٦:٤٤ م,9.04,1.35,614,9.03,1.35,0.12
٦:٢٦:٤٥ م,8.89,1.43,638,8.87,1.42,0.18
٦:٢٦:٤٦ م,8.79,1.38,649,8.75,1.36,0.43
٦:٢٦:٤٧ م,8.85,1.44,663,8.84,1.45,0.13
٦:٢٦:٤٨ م,8.9,1.52,672,8.92,1.49,0.3
٦:٢٦:٤٩ م,8.77,1.46,689,8.82,1.46,0.54
٦:٢٦:٥٠ م,8.87,1.43,667,8.85,1.42,0.14
٦:٢٦:٥١ م,9,1.51,665,8.98,1.53,0.22
٦:٢٦:٥٢ م,8.91,1.57,678,8.91,1.58,0.08
٦:٢٦:٥٣ م,9.11,1.5,658,9.12,1.48,0.11
٦:٢٦:٥٤ م,9,1.47,679,8.96,1.45,0.54
٦:٢٦:٥٥ م,9.16,1.44,697,9.17,1.45,0.1
٦:٢٦:٥٦ م,9.12,1.54,702,9.08,1.55,0.44
٦:٢٦:٥٧ م,9.25,1.49,692,9.28,1.47,0.26
٦:٢٦:٥٨ م,9.12,1.45,687,9.15,1.48,0.3
٦:٢٦:٥٩ م,9.13,1.51,711,9.14,1.51,0.11
٦:٢٧:٠٠ م,8.95,1.6,702,8.92,1.62,0.34
٦:٢٧:٠١ م,8.85,1.6,694,8.81,1.61,0.49
٦:٢٧:٠٢ م,8.99,1.65,673,9.02,1.65,0.29
٦:٢٧:٠٣ م,9.12,1.59,655,9.09,1.6,0.3
٦:٢٧:٠٤ م,8.98,1.57,669,8.99,1.59,0.08
٦:٢٧:٠٥ م,9.16,1.55,694,9.19,1.54,0.33
٦:٢٧:٠٦ م,9.04,1.5,708,9.09,1.49,0.45
٦:٢٧:٠٧ م,9,1.43,713,8.97,1.41,0.38
٦:٢٧:٠٨ م,9.07,1.44,712,9.06,1.42,0.04
٦:٢٧:٠٩ م,9.18,1.48,698,9.21,1.45,0.38
٦:٢٧:١٠ م,9.06,1.43,709,9.01,1.41,0.5
٦:٢٧:١١ م,9.14,1.42,730,9.11,1.41,0.25
٦:٢٧:١٢ م,9.08,1.34,743,9.13,1.34,0.54
٦:٢٧:١٣ م,9.27,1.29,739,9.29,1.32,0.17
٦:٢٧:١٤ م,9.08,1.32,755,9.03,1.33,0.52
٦:٢٧:١٥ م,9.12,1.27,745,9.08,1.26,0.4
٦:٢٧:١٦ م,9.19,1.22,770,9.19,1.2,0.02
٦:٢٧:١٧ م,9.08,1.16,789,9.12,1.15,0.43
٦:٢٧:١٨ م,9.12,1.09,789,9.13,1.09,0.1
٦:٢٧:١٩ م,8.97,1.18,765,9.01,1.18,0.53
٦:٢٧:٢٠ م,8.84,1.1,782,8.86,1.11,0.22
٦:٢٧:٢١ م,8.79,1.1,770,8.74,1.12,0.52
٦:٢٧:٢٢ م,8.72,1.19,773,8.71,1.18,0.12
٦:٢٧:٢٣ م,8.81,1.29,788,8.85,1.3,0.38
٦:٢٧:٢٤ م,8.68,1.36,765,8.63,1.34,0.57
٦:٢٧:٢٥ م,8.76,1.39,741,8.75,1.39,0.1
٦:٢٧:٢٦ م,8.64,1.41,721,8.64,1.43,0.08
٦:٢٧:٢٧ م,8.5,1.44,728,8.47,1.41,0.43
٦:٢٧:٢٨ م,8.67,1.42,722,8.63,1.41,0.51
٦:٢٧:٢٩ م,8.48,1.36,724,8.53,1.38,0.53
٦:٢٧:٣٠ م,8.53,1.37,737,8.58,1.37,0.56
٦:٢٧:٣١ م,8.46,1.32,743,8.43,1.31,0.35
٦:٢٧:٣٢ م,8.54,1.35,766,8.51,1.34,0.32
٦:٢٧:٣٣ م,8.53,1.31,779,8.52,1.3,0.07
٦:٢٧:٣٤ م,8.69,1.39,766,8.65,1.41,0.47
٦:٢٧:٣٥ م,8.59,1.3,790,8.59,1.3,0.06
٦:٢٧:٣٦ م,8.41,1.27,789,8.4,1.29,0.09
٦:٢٧:٣٧ م,8.35,1.35,796,8.37,1.33,0.22
٦:٢٧:٣٨ م,8.44,1.33,795,8.4,1.33,0.48
٦:٢٧:٣٩ م,8.47,1.25,771,8.5,1.24,0.28
٦:٢٧:٤٠ م,8.3,1.24,748,8.32,1.24,0.32
٦:٢٧:٤١ م,8.12,1.25,755,8.09,1.27,0.37
٦:٢٧:٤٢ م,8.1,1.2,770,8.06,1.23,0.45
٦:٢٧:٤٣ م,8.23,1.16,767,8.25,1.16,0.26
٦:٢٧:٤٤ م,8.25,1.15,775,8.23,1.16,0.18
٦:٢٧:٤٥ م,8.35,1.06,765,8.38,1.06,0.42
٦:٢٧:٤٦ م,8.46,0.98,767,8.45,0.98,0.11
٦:٢٧:٤٧ م,8.37,1.01,756,8.41,1.03,0.45
٦:٢٧:٤٨ م,8.4,1.05,777,8.36,1.03,0.49
٦:٢٧:٤٩ م,8.56,0.95,756,8.59,0.95,0.26
٦:٢٧:٥٠ م,8.56,1,745,8.56,1.02,0.02
٦:٢٧:٥١ م,8.68,0.98,755,8.67,0.99,0.11
٦:٢٧:٥٢ م,8.54,1,740,8.58,1.02,0.44
٦:٢٧:٥٣ م,8.65,1.1,726,8.67,1.11,0.24
٦:٢٧:٥٤ م,8.49,1.17,717,8.47,1.17,0.21
٦:٢٧:٥٥ م,8.36,1.17,719,8.4,1.17,0.51
٦:٢٧:٥٦ م,8.52,1.1,738,8.5,1.1,0.33
٦:٢٧:٥٨ م,8.68,1.06,734,8.68,1.06,0.01
٦:٢٧:٥٩ م,8.76,1.03,721,8.72,1.03,0.46
٦:٢٨:٠٠ م,8.61,0.98,741,8.63,1,0.27
٦:٢٨:٠١ م,8.7,0.89,716,8.71,0.88,0.02
٦:٢٨:٠٢ م,8.83,0.95,731,8.81,0.97,0.22
٦:٢٨:٠٣ م,8.83,1.03,714,8.88,1.05,0.52
٦:٢٨:٠٤ م,8.93,1.06,699,8.95,1.04,0.17
٦:٢٨:٠٥ م,8.91,1.1,696,8.93,1.12,0.28
٦:٢٨:٠٦ م,8.89,1.08,677,8.93,1.07,0.34
٦:٢٨:٠٧ م,8.76,0.99,693,8.77,0.97,0.01
٦:٢٨:٠٨ م,8.62,1.09,672,8.58,1.11,0.41
٦:٢٨:٠٩ م,8.51,1.09,682,8.49,1.08,0.2
٦:٢٨:١٠ م,8.43,1.07,683,8.47,1.08,0.44
٦:٢٨:١١ م,8.24,1.09,685,8.25,1.09,0.11
٦:٢٨:١٢ م,8.43,1.09,669,8.41,1.08,0.3
٦:٢٨:١٣ م,8.45,1.16,676,8.45,1.17,0.03
٦:٢٨:١٤ م,8.6,1.06,678,8.62,1.04,0.32
٦:٢٨:١٥ م,8.42,1.09,657,8.37,1.1,0.55
٦:٢٨:١٦ م,8.53,1.05,648,8.58,1.04,0.53
٦:٢٨:١٧ م,8.39,1.14,658,8.35,1.15,0.55
٦:٢٨:١٨ م,8.32,1.18,667,8.35,1.19,0.32
٦:٢٨:١٩ م,8.48,1.2,691,8.45,1.19,0.42
٦:٢٨:٢٠ م,8.63,1.17,715,8.58,1.18,0.5
٦:٢٨:٢١ م,8.7,1.27,726,8.65,1.25,0.56
٦:٢٨:٢٢ م,8.52,1.32,725,8.53,1.31,0.08
٦:٢٨:٢٣ م,8.68,1.25,744,8.72,1.28,0.41
٦:٢٨:٢٤ م,8.74,1.25,746,8.78,1.27,0.48
٦:٢٨:٢٥ م,8.92,1.18,768,8.95,1.21,0.35
٦:٢٨:٢٦ م,8.76,1.2,754,8.72,1.22,0.47
٦:٢٨:٢٧ م,8.69,1.28,772,8.72,1.3,0.32
٦:٢٨:٢٨ م,8.77,1.32,756,8.76,1.31,0.15
٦:٢٨:٢٩ م,8.96,1.42,772,8.96,1.44,0.08
٦:٢٨:٣٠ م,8.96,1.4,780,8.92,1.38,0.4
٦:٢٨:٣١ م,9.1,1.45,794,9.12,1.46,0.31
٦:٢٨:٣٢ م,9.24,1.48,816,9.23,1.46,0.13
٦:٢٨:٣٣ م,9.21,1.51,807,9.2,1.51,0.11
٦:٢٨:٣٤ م,9.38,1.46,814,9.42,1.46,0.53
٦:٢٨:٣٥ م,9.37,1.53,798,9.37,1.51,0.02
٦:٢٨:٣٦ م,9.2,1.54,814,9.21,1.56,0.12
٦:٢٨:٣٧ م,9.21,1.5,795,9.26,1.52,0.48
٦:٢٨:٣٨ م,9.4,1.45,776,9.37,1.45,0.31
٦:٢٨:٣٩ م,9.3,1.47,799,9.27,1.45,0.35
٦:٢٨:٤٠ م,9.43,1.48,798,9.38,1.48,0.5
٦:٢٨:٤١ م,9.32,1.54,804,9.27,1.56,0.53
٦:٢٨:٤٢ م,9.26,1.63,787,9.27,1.63,0.17
٦:٢٨:٤٣ م,9.4,1.54,774,9.42,1.52,0.19
٦:٢٨:٤٤ م,9.58,1.62,756,9.58,1.61,0.07
٦:٢٨:٤٥ م,9.6,1.58,738,9.55,1.56,0.5
٦:٢٨:٤٦ م,9.42,1.57,760,9.39,1.58,0.38
٦:٢٨:٤٧ م,9.36,1.49,770,9.35,1.48,0.11
٦:٢٨:٤٨ م,9.31,1.45,784,9.34,1.44,0.32
٦:٢٨:٤٩ م,9.41,1.54,773,9.42,1.52,0.16
٦:٢٨:٥٠ م,9.38,1.57,761,9.37,1.57,0.17
٦:٢٨:٥١ م,9.52,1.57,767,9.48,1.59,0.4
٦:٢٨:٥٢ م,9.56,1.61,789,9.6,1.62,0.45
٦:٢٨:٥٣ م,9.44,1.56,765,9.47,1.56,0.37
٦:٢٨:٥٤ م,9.4,1.47,784,9.39,1.48,0.1
٦:٢٨:٥٥ م,9.4,1.55,775,9.44,1.55,0.41
٦:٢٨:٥٦ م,9.5,1.51,787,9.46,1.52,0.49
٦:٢٨:٥٧ م,9.56,1.55,808,9.57,1.55,0.2
٦:٢٨:٥٨ م,9.4,1.48,816,9.38,1.47,0.2
٦:٢٨:٥٩ م,9.59,1.45,809,9.57,1.44,0.23
٦:٢٩:٠٠ م,9.65,1.51,786,9.67,1.5,0.23
٦:٢٩:٠١ م,9.56,1.41,771,9.54,1.4,0.19
٦:٢٩:٠٢ م,9.55,1.43,781,9.59,1.44,0.37
٦:٢٩:٠٣ م,9.66,1.4,784,9.64,1.4,0.26
٦:٢٩:٠٤ م,9.51,1.35,760,9.47,1.35,0.36
٦:٢٩:٠٥ م,9.58,1.45,764,9.56,1.46,0.15
٦:٢٩:٠٦ م,9.65,1.53,745,9.68,1.53,0.25
٦:٢٩:٠٧ م,9.61,1.58,723,9.61,1.61,0.02
٦:٢٩:٠٨ م,9.46,1.51,704,9.48,1.5,0.21
٦:٢٩:٠٩ م,9.58,1.48,698,9.62,1.48,0.48
٦:٢٩:١٠ م,9.53,1.51,703,9.5,1.51,0.27
٦:٢٩:١١ م,9.69,1.53,687,9.66,1.53,0.34
٦:٢٩:١٢ م,9.58,1.55,665,9.6,1.55,0.14
٦:٢٩:١٣ م,9.6,1.53,667,9.57,1.51,0.26
٦:٢٩:١٤ م,9.44,1.5,644,9.43,1.48,0.11
٦:٢٩:١٥ م,9.62,1.41,633,9.58,1.4,0.4
٦:٢٩:١٦ م,9.68,1.36,644,9.65,1.38,0.29
٦:٢٩:١٧ م,9.76,1.42,622,9.75,1.41,0.02
٦:٢٩:١٨ م,9.8,1.46,613,9.83,1.44,0.27
٦:٢٩:١٩ م,9.8,1.45,602,9.81,1.47,0.14
٦:٢٩:٢٠ م,9.77,1.53,620,9.75,1.52,0.21
٦:٢٩:٢١ م,9.67,1.49,623,9.64,1.49,0.31
٦:٢٩:٢٢ م,9.64,1.41,637,9.6,1.42,0.35
٦:٢٩:٢٣ م,9.55,1.43,647,9.55,1.44,0.08
٦:٢٩:٢٤ م,9.58,1.51,670,9.55,1.53,0.26
٦:٢٩:٢٥ م,9.4,1.56,664,9.37,1.57,0.27
٦:٢٩:٢٦ م,9.53,1.54,676,9.49,1.53,0.37
٦:٢٩:٢٧ م,9.45,1.47,652,9.49,1.48,0.39
٦:٢٩:٢٨ م,9.54,1.49,650,9.53,1.51,0.05
٦:٢٩:٢٩ م,9.65,1.54,638,9.68,1.54,0.31
٦:٢٩:٣٠ م,9.83,1.55,646,9.82,1.53,0.1
٦:٢٩:٣١ م,9.8,1.63,625,9.79,1.65,0.12
٦:٢٩:٣٢ م,9.64,1.6,613,9.69,1.58,0.51
٦:٢٩:٣٣ م,9.59,1.53,600,9.56,1.52,0.32
٦:٢٩:٣٤ م,9.58,1.45,579,9.53,1.44,0.5
٦:٢٩:٣٥ م,9.43,1.36,596,9.47,1.39,0.49
٦:٢٩:٣٦ م,9.27,1.39,597,9.31,1.4,0.38
٦:٢٩:٣٧ م,9.31,1.32,590,9.27,1.31,0.42
٦:٢٩:٣٨ م,9.2,1.3,574,9.16,1.32,0.48
٦:٢٩:٣٩ م,9.37,1.35,589,9.36,1.36,0.08
٦:٢٩:٤١ م,9.19,1.39,578,9.24,1.4,0.52
٦:٢٩:٤٢ م,9.27,1.31,576,9.29,1.29,0.24
٦:٢٩:٤٣ م,9.46,1.25,575,9.48,1.25,0.18
٦:٢٩:٤٤ م,9.44,1.31,564,9.46,1.32,0.21
٦:٢٩:٤٥ م,9.6,1.39,539,9.56,1.37,0.37
٦:٢٩:٤٦ م,9.68,1.44,531,9.72,1.45,0.45
٦:٢٩:٤٧ م,9.6,1.35,533,9.64,1.34,0.51
٦:٢٩:٤٨ م,9.49,1.36,556,9.53,1.38,0.44
٦:٢٩:٤٩ م,9.38,1.44,557,9.37,1.44,0.07
٦:٢٩:٥٠ م,9.22,1.46,573,9.17,1.47,0.54
٦:٢٩:٥١ م,9.28,1.43,553,9.25,1.43,0.27
٦:٢٩:٥٢ م,9.44,1.44,546,9.44,1.45,0.09
٦:٢٩:٥٣ م,9.39,1.53,538,9.35,1.56,0.42
٦:٢٩:٥٤ م,9.32,1.56,540,9.33,1.54,0.16
٦:٢٩:٥٥ م,9.14,1.63,535,9.11,1.63,0.33
٦:٢٩:٥٦ م,9.08,1.68,552,9.06,1.69,0.2
٦:٢٩:٥٧ م,9.24,1.71,550,9.22,1.72,0.25
٦:٢٩:٥٨ م,9.25,1.69,530,9.2,1.71,0.47
٦:٢٩:٥٩ م,9.35,1.65,537,9.4,1.62,0.45
٦:٣٠:٠٠ م,9.37,1.64,548,9.37,1.63,0.01
٦:٣٠:٠١ م,9.19,1.54,571,9.17,1.55,0.27
٦:٣٠:٠٢ م,9.35,1.54,567,9.34,1.53,0.17
٦:٣٠:٠٣ م,9.44,1.5,546,9.44,1.47,0.07
٦:٣٠:٠٤ م,9.27,1.41,537,9.31,1.42,0.42
٦:٣٠:٠٥ م,9.47,1.46,554,9.47,1.45,0
٦:٣٠:٠٦ م,9.53,1.52,555,9.56,1.52,0.28
٦:٣٠:٠٧ م,9.39,1.54,573,9.39,1.52,0
٦:٣٠:٠٨ م,9.41,1.63,576,9.41,1.63,0.02
٦:٣٠:٠٩ م,9.48,1.65,576,9.48,1.64,0.03
٦:٣٠:١٠ م,9.48,1.56,565,9.47,1.55,0.03
٦:٣٠:١١ م,9.48,1.54,587,9.49,1.57,0.08
٦:٣٠:١٢ م,9.66,1.56,593,9.69,1.57,0.3
٦:٣٠:١٣ م,9.6,1.65,616,9.59,1.64,0.14
٦:٣٠:١٤ م,9.76,1.71,613,9.78,1.73,0.12
٦:٣٠:١٥ م,9.93,1.68,594,9.94,1.65,0.19
٦:٣٠:١٦ م,9.97,1.73,586,9.97,1.72,0
٦:٣٠:١٧ م,9.79,1.79,599,9.84,1.79,0.47
٦:٣٠:١٨ م,9.81,1.79,579,9.82,1.81,0.13
٦:٣٠:١٩ م,9.68,1.88,581,9.69,1.9,0.07
٦:٣٠:٢٠ م,9.59,1.81,605,9.62,1.82,0.32
٦:٣٠:٢١ م,9.74,1.86,629,9.73,1.88,0.04
٦:٣٠:٢٢ م,9.89,1.91,627,9.86,1.92,0.28
٦:٣٠:٢٣ م,9.98,1.94,645,9.98,1.94,0.05
٦:٣٠:٢٤ م,9.89,1.93,622,9.89,1.94,0.01
٦:٣٠:٢٥ م,9.8,1.99,626,9.76,2,0.47
٦:٣٠:٢٦ م,9.74,1.93,609,9.73,1.93,0.15
٦:٣٠:٢٧ م,9.72,1.91,616,9.75,1.92,0.38
٦:٣٠:٢٨ م,9.87,1.82,640,9.85,1.83,0.24
٦:٣٠:٢٩ م,9.71,1.73,641,9.68,1.74,0.3
٦:٣٠:٣٠ م,9.58,1.73,666,9.57,1.74,0.06
٦:٣٠:٣١ م,9.69,1.74,665,9.71,1.75,0.25
٦:٣٠:٣٢ م,9.49,1.81,685,9.47,1.83,0.25
٦:٣٠:٣٣ م,9.41,1.79,662,9.43,1.82,0.14
٦:٣٠:٣٤ م,9.24,1.73,655,9.28,1.74,0.41
٦:٣٠:٣٥ م,9.19,1.75,634,9.2,1.73,0.06
٦:٣٠:٣٦ م,9.13,1.83,632,9.11,1.81,0.18
٦:٣٠:٣٧ م,9.26,1.8,643,9.22,1.82,0.42
٦:٣٠:٣٨ م,9.12,1.88,653,9.12,1.88,0.06
٦:٣٠:٣٩ م,9.2,1.91,664,9.15,1.89,0.55
٦:٣٠:٤٠ م,9.27,1.86,674,9.32,1.88,0.53
٦:٣٠:٤١ م,9.08,1.96,682,9.06,1.98,0.25
٦:٣٠:٤٢ م,9.18,2.04,700,9.13,2.06,0.53
٦:٣٠:٤٣ م,9.1,1.99,722,9.05,1.97,0.53
٦:٣٠:٤٤ م,8.93,2.09,718,8.94,2.11,0.12
٦:٣٠:٤٥ م,8.81,2.1,738,8.81,2.09,0.06
٦:٣٠:٤٦ م,8.62,2.08,749,8.61,2.07,0.13
٦:٣٠:٤٧ م,8.48,2.08,740,8.44,2.11,0.45
٦:٣٠:٤٨ م,8.57,2.04,749,8.56,2.04,0.18
٦:٣٠:٤٩ م,8.61,2.02,726,8.56,2.02,0.53
٦:٣٠:٥٠ م,8.71,2.02,709,8.7,2,0.11
٦:٣٠:٥١ م,8.54,2.02,731,8.49,2.01,0.56
٦:٣٠:٥٢ م,8.49,2.04,723,8.51,2.03,0.25
٦:٣٠:٥٣ م,8.56,1.94,743,8.58,1.96,0.26
٦:٣٠:٥٤ م,8.44,2.02,722,8.41,2.04,0.39
٦:٣٠:٥٥ م,8.35,2.11,705,8.33,2.12,0.23
٦:٣٠:٥٦ م,8.55,2.04,701,8.57,2.03,0.3
٦:٣٠:٥٧ م,8.49,2.11,719,8.54,2.12,0.57
٦:٣٠:٥٨ م,8.67,2.14,695,8.69,2.15,0.28
٦:٣٠:٥٩ م,8.74,2.19,680,8.78,2.16,0.43
٦:٣١:٠٠ م,8.76,2.17,691,8.72,2.15,0.47
٦:٣١:٠١ م,8.64,2.22,695,8.59,2.23,0.55
٦:٣١:٠٢ م,8.76,2.2,686,8.81,2.22,0.52
٦:٣١:٠٣ م,8.9,2.23,703,8.92,2.23,0.19
٦:٣١:٠٤ م,8.75,2.14,687,8.78,2.12,0.32
٦:٣١:٠٥ م,8.8,2.07,694,8.85,2.08,0.56
٦:٣١:٠٦ م,8.86,2.02,682,8.9,2,0.43
٦:٣١:٠٧ م,8.98,2.11,698,9.02,2.09,0.38
٦:٣١:٠٨ م,9.04,2.01,679,9.04,2,0.05
٦:٣١:٠٩ م,8.93,2.07,700,8.96,2.07,0.28
٦:٣١:١٠ م,8.78,2.1,680,8.74,2.08,0.52
٦:٣١:١١ م,8.64,2.05,692,8.63,2.06,0.11
٦:٣١:١٢ م,8.62,2.02,682,8.64,2.01,0.3
٦:٣١:١٣ م,8.53,1.95,692,8.55,1.98,0.3
٦:٣١:١٤ م,8.55,2.03,684,8.53,2.05,0.27
٦:٣١:١٥ م,8.45,1.95,675,8.47,1.93,0.25
٦:٣١:١٦ م,8.62,1.87,692,8.61,1.89,0.15
٦:٣١:١٧ م,8.5,1.83,705,8.51,1.84,0.03
٦:٣١:١٨ م,8.45,1.91,707,8.44,1.93,0.17
٦:٣١:١٩ م,8.46,1.94,685,8.49,1.93,0.32
٦:٣١:٢٠ م,8.36,1.88,679,8.4,1.89,0.43
٦:٣١:٢١ م,8.53,1.85,660,8.5,1.87,0.41
٦:٣١:٢٢ م,8.46,1.77,646,8.44,1.79,0.3
٦:٣١:٢٣ م,8.63,1.7,626,8.68,1.71,0.56
٦:٣١:٢٥ م,8.76,1.77,642,8.78,1.78,0.21
٦:٣١:٢٦ م,8.64,1.72,623,8.66,1.7,0.2
٦:٣١:٢٧ م,8.47,1.74,635,8.47,1.75,0.01
٦:٣١:٢٨ م,8.43,1.65,631,8.44,1.63,0.13
٦:٣١:٢٩ م,8.52,1.61,638,8.53,1.59,0.04
٦:٣١:٣٠ م,8.72,1.65,628,8.7,1.64,0.31
٦:٣١:٣١ م,8.53,1.72,628,8.57,1.71,0.38
٦:٣١:٣٢ م,8.53,1.72,609,8.56,1.71,0.36
٦:٣١:٣٣ م,8.52,1.76,614,8.51,1.74,0.14
٦:٣١:٣٤ م,8.5,1.77,620,8.5,1.78,0
٦:٣١:٣٥ م,8.68,1.83,621,8.68,1.82,0.03
٦:٣١:٣٦ م,8.59,1.89,641,8.54,1.91,0.49
٦:٣١:٣٧ م,8.41,1.99,643,8.38,1.97,0.35
٦:٣١:٣٨ م,8.58,2.05,627,8.56,2.03,0.18
٦:٣١:٣٩ م,8.73,2.01,624,8.78,2.03,0.55
٦:٣١:٤٠ م,8.82,2.07,614,8.81,2.08,0.15
٦:٣١:٤١ م,8.78,2.01,620,8.74,2,0.46
٦:٣١:٤٢ م,8.8,1.97,616,8.77,1.98,0.28
٦:٣١:٤٣ م,8.72,1.94,609,8.71,1.95,0.16
٦:٣١:٤٤ م,8.88,1.97,615,8.86,1.95,0.27
٦:٣١:٤٥ م,9.06,1.98,616,9.1,1.97,0.51
٦:٣١:٤٦ م,9.19,2.01,591,9.17,2.03,0.26
٦:٣١:٤٧ م,9.02,1.99,582,9,1.99,0.23
٦:٣١:٤٨ م,9.07,2.07,599,9.09,2.05,0.22
٦:٣١:٤٩ م,8.95,2.04,615,8.9,2.06,0.53
٦:٣١:٥٠ م,8.83,2.08,612,8.84,2.09,0.11
٦:٣١:٥١ م,8.95,2.15,590,8.95,2.17,0.09
٦:٣١:٥٢ م,8.94,2.07,588,8.91,2.08,0.43
٦:٣١:٥٣ م,8.82,2.17,592,8.78,2.19,0.45
٦:٣١:٥٤ م,8.93,2.11,582,8.9,2.09,0.38
٦:٣١:٥٥ م,9.03,2.13,561,9,2.13,0.33
٦:٣١:٥٦ م,9.18,2.19,582,9.22,2.2,0.42
٦:٣١:٥٧ م,9.18,2.1,562,9.15,2.1,0.3
٦:٣١:٥٨ م,9.23,2.09,567,9.24,2.06,0.1
٦:٣١:٥٩ م,9.29,2.11,563,9.34,2.09,0.52
٦:٣٢:٠٠ م,9.25,2.02,572,9.3,2.01,0.46
٦:٣٢:٠١ م,9.4,2.06,579,9.43,2.05,0.32
٦:٣٢:٠٢ م,9.39,2.01,596,9.37,2.01,0.28
٦:٣٢:٠٣ م,9.25,2.07,576,9.29,2.06,0.37
٦:٣٢:٠٤ م,9.28,2.01,566,9.27,1.99,0.07
٦:٣٢:٠٥ م,9.25,1.99,579,9.3,2.01,0.53
٦:٣٢:٠٦ م,9.24,2.08,594,9.24,2.05,0.07
٦:٣٢:٠٧ م,9.08,2.14,605,9.06,2.15,0.23
٦:٣٢:٠٨ م,9.07,2.11,584,9.07,2.1,0.03
٦:٣٢:٠٩ م,8.96,2.2,562,8.94,2.17,0.28
٦:٣٢:١٠ م,9.01,2.13,537,8.97,2.12,0.48
٦:٣٢:١١ م,9.04,2.18,557,9.03,2.18,0.09
٦:٣٢:١٢ م,9.24,2.11,570,9.21,2.11,0.4
٦:٣٢:١٣ م,9.36,2.06,586,9.37,2.07,0.04
٦:٣٢:١٤ م,9.23,1.99,600,9.2,1.98,0.25
٦:٣٢:١٥ م,9.26,1.92,611,9.26,1.9,0.01
٦:٣٢:١٦ م,9.11,2,606,9.12,2.01,0.09
٦:٣٢:١٧ م,9.15,2.02,630,9.1,2,0.54
٦:٣٢:١٨ م,9.28,1.97,634,9.3,1.95,0.29
٦:٣٢:١٩ م,9.29,2.07,626,9.31,2.09,0.15
٦:٣٢:٢٠ م,9.28,2,624,9.25,2.02,0.31
٦:٣٢:٢١ م,9.34,2.09,606,9.29,2.1,0.53
٦:٣٢:٢٢ م,9.41,2.09,626,9.4,2.11,0.03
٦:٣٢:٢٣ م,9.26,2.13,628,9.3,2.11,0.43
٦:٣٢:٢٤ م,9.17,2.07,608,9.21,2.08,0.46
٦:٣٢:٢٥ م,9.23,2.16,621,9.27,2.17,0.42
٦:٣٢:٢٦ م,9.1,2.09,596,9.12,2.09,0.21
٦:٣٢:٢٧ م,8.99,2.14,615,9.01,2.16,0.26
٦:٣٢:٢٨ م,9.14,2.16,598,9.17,2.17,0.37
٦:٣٢:٢٩ م,9.05,2.21,615,9.02,2.19,0.29
٦:٣٢:٣٠ م,9.22,2.29,599,9.19,2.31,0.34
٦:٣٢:٣١ م,9.29,2.28,612,9.32,2.28,0.33
٦:٣٢:٣٢ م,9.17,2.24,607,9.13,2.25,0.5
٦:٣٢:٣٣ م,9,2.29,605,8.98,2.31,0.21
٦:٣٢:٣٤ م,8.89,2.22,604,8.87,2.23,0.25
٦:٣٢:٣٥ م,8.97,2.31,621,8.99,2.33,0.15
٦:٣٢:٣٦ م,9.14,2.36,596,9.13,2.37,0.1
٦:٣٢:٣٧ م,9.09,2.34,572,9.12,2.33,0.24
٦:٣٢:٣٨ م,9.22,2.32,565,9.26,2.34,0.45
٦:٣٢:٣٩ م,9.42,2.26,573,9.46,2.27,0.41
٦:٣٢:٤٠ م,9.3,2.27,567,9.32,2.28,0.18
٦:٣٢:٤١ م,9.46,2.35,542,9.46,2.35,0.01
٦:٣٢:٤٢ م,9.35,2.37,540,9.32,2.38,0.29
٦:٣٢:٤٣ م,9.37,2.28,550,9.34,2.28,0.29
٦:٣٢:٤٤ م,9.47,2.35,573,9.52,2.35,0.47
٦:٣٢:٤٥ م,9.63,2.36,569,9.65,2.38,0.26
٦:٣٢:٤٦ م,9.52,2.4,573,9.47,2.42,0.51
٦:٣٢:٤٧ م,9.46,2.38,582,9.47,2.39,0.11
٦:٣٢:٤٨ م,9.49,2.29,578,9.45,2.3,0.48
٦:٣٢:٤٩ م,9.46,2.25,572,9.42,2.23,0.41
٦:٣٢:٥٠ م,9.51,2.17,584,9.51,2.14,0.05
٦:٣٢:٥١ م,9.45,2.25,571,9.44,2.26,0.11
٦:٣٢:٥٢ م,9.46,2.19,557,9.45,2.19,0.09
٦:٣٢:٥٣ م,9.34,2.17,559,9.36,2.17,0.13
٦:٣٢:٥٤ م,9.5,2.25,534,9.52,2.26,0.21
٦:٣٢:٥٥ م,9.42,2.33,558,9.37,2.31,0.46
٦:٣٢:٥٦ م,9.55,2.28,536,9.54,2.26,0.11
٦:٣٢:٥٧ م,9.38,2.33,526,9.39,2.31,0.1
٦:٣٢:٥٨ م,9.48,2.39,534,9.51,2.4,0.39
٦:٣٢:٥٩ م,9.34,2.29,559,9.31,2.3,0.31
٦:٣٣:٠٠ م,9.27,2.36,556,9.28,2.38,0.09
٦:٣٣:٠١ م,9.36,2.34,571,9.38,2.35,0.2
٦:٣٣:٠٢ م,9.47,2.26,590,9.43,2.25,0.37
٦:٣٣:٠٣ م,9.61,2.29,604,9.59,2.28,0.14
٦:٣٣:٠٤ م,9.8,2.27,607,9.79,2.28,0.09
٦:٣٣:٠٥ م,9.65,2.18,624,9.66,2.19,0.11
٦:٣٣:٠٦ م,9.6,2.22,620,9.64,2.24,0.45
٦:٣٣:٠٧ م,9.77,2.32,605,9.77,2.34,0.02
٦:٣٣:٠٨ م,9.85,2.29,609,9.88,2.3,0.28
٦:٣٣:٠٩ م,9.77,2.22,587,9.81,2.23,0.42
٦:٣٣:١٠ م,9.62,2.24,589,9.59,2.23,0.25
٦:٣٣:١١ م,9.82,2.18,566,9.86,2.16,0.43
٦:٣٣:١٣ م,9.71,2.12,542,9.67,2.11,0.51
٦:٣٣:١٤ م,9.63,2.13,534,9.62,2.13,0.05
٦:٣٣:١٥ م,9.59,2.22,522,9.55,2.24,0.44
٦:٣٣:١٦ م,9.61,2.28,535,9.63,2.3,0.14
٦:٣٣:١٧ م,9.47,2.31,546,9.5,2.3,0.24
٦:٣٣:١٨ م,9.52,2.36,542,9.51,2.36,0.11
٦:٣٣:١٩ م,9.61,2.35,529,9.64,2.36,0.3
٦:٣٣:٢٠ م,9.7,2.25,510,9.66,2.26,0.47
٦:٣٣:٢١ م,9.9,2.32,508,9.89,2.32,0.09
٦:٣٣:٢٢ م,10.02,2.33,497,10.02,2.35,0.05
٦:٣٣:٢٣ م,10.21,2.43,508,10.26,2.43,0.45
٦:٣٣:٢٤ م,10.16,2.51,497,10.12,2.53,0.35
٦:٣٣:٢٥ م,10.21,2.46,474,10.17,2.45,0.43
٦:٣٣:٢٦ م,10.14,2.4,497,10.15,2.41,0.15
٦:٣٣:٢٧ م,9.98,2.34,490,9.93,2.34,0.49
٦:٣٣:٢٨ م,10.07,2.33,478,10.09,2.32,0.19
٦:٣٣:٢٩ م,9.93,2.4,502,9.89,2.4,0.44
٦:٣٣:٣٠ م,9.87,2.45,484,9.91,2.44,0.4
٦:٣٣:٣١ م,9.82,2.4,472,9.86,2.38,0.36
٦:٣٣:٣٢ م,9.79,2.42,478,9.79,2.43,0.02
٦:٣٣:٣٣ م,9.96,2.35,484,9.93,2.34,0.24
٦:٣٣:٣٤ م,9.91,2.34,497,9.89,2.36,0.18
٦:٣٣:٣٥ م,10.1,2.37,493,10.06,2.38,0.38
٦:٣٣:٣٦ م,9.97,2.31,494,9.93,2.31,0.39
٦:٣٣:٣٧ م,10.04,2.35,494,10.02,2.35,0.17
٦:٣٣:٣٨ م,10.15,2.29,504,10.18,2.31,0.3
٦:٣٣:٣٩ م,10.21,2.35,486,10.26,2.33,0.48
٦:٣٣:٤٠ م,10.14,2.36,511,10.18,2.34,0.38
٦:٣٣:٤١ م,9.99,2.45,525,9.96,2.46,0.37
٦:٣٣:٤٢ م,10.08,2.36,525,10.08,2.37,0.04
٦:٣٣:٤٣ م,10.07,2.28,510,10.12,2.27,0.46
٦:٣٣:٤٤ م,9.91,2.28,507,9.95,2.28,0.39
٦:٣٣:٤٥ م,10.01,2.31,495,10.06,2.31,0.46
٦:٣٣:٤٦ م,10.17,2.26,489,10.16,2.23,0.11
٦:٣٣:٤٧ م,10.34,2.18,468,10.38,2.2,0.34
٦:٣٣:٤٨ م,10.34,2.14,447,10.38,2.12,0.31
٦:٣٣:٤٩ م,10.48,2.04,451,10.5,2.03,0.13
٦:٣٣:٥٠ م,10.53,1.99,454,10.58,2,0.45
٦:٣٣:٥١ م,10.66,2.01,468,10.63,2.03,0.37
٦:٣٣:٥٢ م,10.54,2.07,468,10.54,2.04,0.01
٦:٣٣:٥٣ م,10.53,2.13,487,10.5,2.12,0.21
٦:٣٣:٥٤ م,10.46,2.2,486,10.43,2.22,0.29
٦:٣٣:٥٥ م,10.48,2.19,506,10.48,2.21,0.05
٦:٣٣:٥٦ م,10.59,2.26,526,10.55,2.27,0.33
٦:٣٣:٥٧ م,10.54,2.17,513,10.5,2.19,0.43
٦:٣٣:٥٨ م,10.43,2.24,529,10.4,2.24,0.35
٦:٣٣:٥٩ م,10.26,2.24,526,10.24,2.24,0.19
٦:٣٤:٠٠ م,10.1,2.24,507,10.05,2.25,0.47
٦:٣٤:٠١ م,10.07,2.33,503,10.03,2.3,0.43
٦:٣٤:٠٢ م,10.11,2.24,507,10.15,2.21,0.38
٦:٣٤:٠٣ م,10.2,2.15,485,10.16,2.15,0.42
٦:٣٤:٠٤ م,10.2,2.11,493,10.2,2.1,0
٦:٣٤:٠٥ م,10.17,2.11,516,10.13,2.09,0.35
٦:٣٤:٠٦ م,10.14,2.16,506,10.16,2.18,0.19
٦:٣٤:٠٧ م,10,2.24,506,10,2.25,0.01
٦:٣٤:٠٨ م,9.98,2.24,497,9.97,2.27,0.09
٦:٣٤:٠٩ م,9.86,2.34,495,9.86,2.35,0.05
٦:٣٤:١٠ م,9.9,2.26,485,9.94,2.24,0.38
٦:٣٤:١١ م,9.79,2.23,487,9.8,2.23,0.1
٦:٣٤:١٢ م,9.6,2.18,476,9.55,2.17,0.52
٦:٣٤:١٣ م,9.78,2.16,472,9.81,2.15,0.32
٦:٣٤:١٤ م,9.93,2.19,491,9.97,2.22,0.42
٦:٣٤:١٥ م,10.05,2.15,505,10.09,2.14,0.36
٦:٣٤:١٦ م,10.05,2.12,524,10.01,2.1,0.42
٦:٣٤:١٧ م,10.02,2.18,510,10.01,2.2,0.08
٦:٣٤:١٨ م,10.2,2.14,511,10.2,2.16,0.04
٦:٣٤:١٩ م,10.07,2.17,504,10.06,2.17,0.13
٦:٣٤:٢٠ م,10.12,2.11,502,10.15,2.11,0.24
٦:٣٤:٢١ م,10.26,2.2,496,10.25,2.22,0.11
٦:٣٤:٢٢ م,10.28,2.13,504,10.24,2.11,0.43
٦:٣٤:٢٣ م,10.27,2.2,518,10.26,2.18,0.1
٦:٣٤:٢٤ م,10.1,2.22,498,10.09,2.23,0.15
٦:٣٤:٢٥ م,10.05,2.25,506,10.08,2.26,0.21
٦:٣٤:٢٦ م,10.12,2.23,515,10.11,2.22,0.04
٦:٣٤:٢٧ م,9.97,2.3,503,9.94,2.32,0.32
٦:٣٤:٢٨ م,9.79,2.25,528,9.83,2.26,0.37
٦:٣٤:٢٩ م,9.65,2.27,551,9.68,2.29,0.31
٦:٣٤:٣٠ م,9.61,2.19,530,9.59,2.19,0.28
٦:٣٤:٣١ م,9.79,2.09,545,9.82,2.1,0.36
٦:٣٤:٣٢ م,9.63,2.04,561,9.6,2.02,0.32
٦:٣٤:٣٣ م,9.64,2.11,577,9.67,2.12,0.26
٦:٣٤:٣٤ م,9.77,2.04,592,9.79,2.05,0.18
٦:٣٤:٣٥ م,9.88,2.12,599,9.84,2.1,0.31
٦:٣٤:٣٦ م,10.03,2.07,609,10.07,2.08,0.38
٦:٣٤:٣٧ م,9.93,2.11,605,9.9,2.11,0.34
٦:٣٤:٣٨ م,9.91,2.1,601,9.9,2.09,0.1
٦:٣٤:٣٩ م,9.92,2.05,585,9.93,2.05,0.02
٦:٣٤:٤٠ م,9.86,2.11,594,9.86,2.11,0.02
٦:٣٤:٤١ م,9.94,2.04,596,9.93,2.05,0.11
٦:٣٤:٤٢ م,9.79,2.05,592,9.75,2.06,0.37
٦:٣٤:٤٣ م,9.83,1.98,579,9.78,1.98,0.48
٦:٣٤:٤٤ م,9.68,2.07,595,9.71,2.06,0.3
٦:٣٤:٤٥ م,9.67,2.05,600,9.64,2.07,0.39
٦:٣٤:٤٦ م,9.52,2.09,594,9.5,2.09,0.26
٦:٣٤:٤٧ م,9.34,2.16,598,9.32,2.14,0.12
٦:٣٤:٤٨ م,9.15,2.11,614,9.14,2.13,0.16
٦:٣٤:٤٩ م,9.09,2.18,624,9.06,2.16,0.3
٦:٣٤:٥٠ م,9.12,2.27,629,9.12,2.25,0.05
٦:٣٤:٥١ م,8.93,2.28,608,8.96,2.28,0.3
٦:٣٤:٥٢ م,9,2.2,587,8.96,2.22,0.48
٦:٣٤:٥٣ م,9.03,2.12,572,9,2.11,0.36
٦:٣٤:٥٥ م,8.94,2.06,557,8.96,2.08,0.18
٦:٣٤:٥٦ م,9.09,2.05,555,9.13,2.03,0.44
٦:٣٤:٥٧ م,9,2.04,577,8.97,2.05,0.31
٦:٣٤:٥٨ م,8.99,1.96,557,8.95,1.98,0.52
٦:٣٤:٥٩ م,9.13,1.98,539,9.12,1.97,0.13
٦:٣٥:٠٠ م,9.18,1.91,537,9.19,1.91,0.13
٦:٣٥:٠١ م,9.03,1.81,556,8.98,1.81,0.51
٦:٣٥:٠٢ م,9.11,1.72,532,9.09,1.7,0.19
٦:٣٥:٠٣ م,8.91,1.75,521,8.88,1.76,0.33
٦:٣٥:٠٤ م,9.1,1.71,530,9.11,1.72,0.1
٦:٣٥:٠٥ م,8.95,1.77,540,8.93,1.75,0.23
٦:٣٥:٠٦ م,9.03,1.75,561,9.05,1.73,0.23
٦:٣٥:٠٧ م,8.97,1.68,545,8.96,1.67,0.12
٦:٣٥:٠٨ م,8.8,1.77,566,8.79,1.77,0.02
٦:٣٥:٠٩ م,8.71,1.84,589,8.67,1.84,0.47
٦:٣٥:١٠ م,8.56,1.81,603,8.6,1.81,0.39
٦:٣٥:١١ م,8.51,1.81,617,8.49,1.82,0.25
٦:٣٥:١٢ م,8.36,1.81,613,8.36,1.81,0.04
٦:٣٥:١٣ م,8.18,1.8,596,8.21,1.79,0.37
٦:٣٥:١٤ م,8.08,1.86,607,8.07,1.84,0.11
٦:٣٥:١٥ م,7.92,1.91,624,7.91,1.89,0.11
٦:٣٥:١٦ م,7.76,1.96,616,7.73,1.98,0.41
٦:٣٥:١٧ م,7.63,1.92,592,7.62,1.9,0.05
٦:٣٥:١٨ م,7.81,1.98,571,7.83,1.99,0.34
٦:٣٥:١٩ م,7.86,2.02,578,7.83,2,0.41
٦:٣٥:٢٠ م,7.79,2.06,592,7.76,2.08,0.41
٦:٣٥:٢١ م,7.66,1.99,605,7.64,1.96,0.38
٦:٣٥:٢٢ م,7.61,1.95,615,7.63,1.94,0.27
٦:٣٥:٢٣ م,7.75,1.94,612,7.72,1.96,0.39
٦:٣٥:٢٤ م,7.63,1.94,613,7.67,1.95,0.53
٦:٣٥:٢٥ م,7.53,1.87,605,7.57,1.85,0.51
٦:٣٥:٢٦ م,7.66,1.93,627,7.65,1.93,0.07
٦:٣٥:٢٧ م,7.75,1.84,647,7.71,1.86,0.57
٦:٣٥:٢٨ م,7.71,1.82,667,7.66,1.82,0.65
٦:٣٥:٢٩ م,7.59,1.88,653,7.57,1.88,0.28
٦:٣٥:٣٠ م,7.43,1.86,658,7.39,1.85,0.54
٦:٣٥:٣١ م,7.53,1.94,648,7.57,1.95,0.58
٦:٣٥:٣٢ م,7.43,1.92,663,7.42,1.93,0.14
٦:٣٥:٣٣ م,7.48,1.97,648,7.48,1.97,0.05
٦:٣٥:٣٤ م,7.4,2.02,668,7.42,2.01,0.36
٦:٣٥:٣٥ م,7.42,1.92,682,7.4,1.93,0.22
٦:٣٥:٣٦ م,7.35,1.96,680,7.37,1.97,0.26
٦:٣٥:٣٧ م,7.3,1.93,660,7.29,1.95,0.19
٦:٣٥:٣٨ م,7.32,1.94,670,7.33,1.96,0.25
٦:٣٥:٣٩ م,7.41,1.97,692,7.43,1.95,0.34
٦:٣٥:٤٠ م,7.31,2.04,714,7.35,2.06,0.44
٦:٣٥:٤١ م,7.32,1.97,723,7.3,1.98,0.24
٦:٣٥:٤٢ م,7.36,1.93,714,7.39,1.95,0.3
٦:٣٥:٤٣ م,7.35,1.85,731,7.35,1.84,0.03
٦:٣٥:٤٤ م,7.29,1.92,708,7.25,1.9,0.52
٦:٣٥:٤٥ م,7.3,1.98,708,7.29,2.01,0.06
٦:٣٥:٤٦ م,7.31,1.96,697,7.27,1.94,0.51
٦:٣٥:٤٧ م,7.3,1.95,699,7.25,1.93,0.67
٦:٣٥:٤٨ م,7.12,1.93,702,7.11,1.95,0.21
٦:٣٥:٤٩ م,7.23,2,687,7.27,1.98,0.51
٦:٣٥:٥٠ م,7.14,2.07,702,7.16,2.08,0.32
٦:٣٥:٥١ م,7.08,2.09,696,7.09,2.08,0.13
٦:٣٥:٥٢ م,6.95,2,686,6.94,2,0.16
٦:٣٥:٥٣ م,6.97,1.99,693,6.93,1.99,0.6
٦:٣٥:٥٤ م,6.91,2.01,680,6.9,1.99,0.21
٦:٣٥:٥٥ م,6.88,1.97,665,6.88,1.98,0.11
٦:٣٥:٥٦ م,7.03,2.02,646,7.07,2.02,0.44
٦:٣٥:٥٧ م,7.11,1.95,657,7.09,1.94,0.39
٦:٣٥:٥٨ م,6.95,1.98,653,6.9,1.99,0.65
٦:٣٥:٥٩ م,6.98,1.89,646,7.02,1.87,0.57
٦:٣٦:٠٠ م,7.13,1.83,650,7.13,1.86,0.13
٦:٣٦:٠١ م,6.99,1.81,672,6.95,1.83,0.59
٦:٣٦:٠٢ م,7.19,1.84,684,7.19,1.86,0.04
٦:٣٦:٠٣ م,7.29,1.94,708,7.29,1.93,0.05
٦:٣٦:٠٤ م,7.43,1.85,687,7.44,1.86,0.14
٦:٣٦:٠٥ م,7.41,1.91,683,7.44,1.89,0.35
٦:٣٦:٠٦ م,7.24,1.94,670,7.24,1.91,0.13
٦:٣٦:٠٧ م,7.36,1.99,650,7.34,1.99,0.26
٦:٣٦:٠٨ م,7.49,1.89,659,7.47,1.9,0.33
٦:٣٦:٠٩ م,7.43,1.89,655,7.46,1.87,0.4
٦:٣٦:١٠ م,7.41,1.79,673,7.39,1.78,0.32
٦:٣٦:١١ م,7.57,1.77,650,7.56,1.77,0.1
٦:٣٦:١٢ م,7.37,1.68,636,7.37,1.65,0.06
٦:٣٦:١٣ م,7.2,1.67,641,7.19,1.67,0.1
٦:٣٦:١٤ م,7.07,1.65,637,7.1,1.66,0.51
٦:٣٦:١٥ م,6.89,1.61,628,6.85,1.59,0.55
٦:٣٦:١٦ م,6.79,1.53,622,6.8,1.52,0.16
٦:٣٦:١٧ م,6.94,1.6,623,6.94,1.62,0.02
٦:٣٦:١٨ م,6.86,1.69,621,6.89,1.66,0.41
٦:٣٦:١٩ م,6.9,1.78,615,6.93,1.77,0.49
٦:٣٦:٢٠ م,6.94,1.79,616,6.94,1.77,0.04
٦:٣٦:٢١ م,6.92,1.72,634,6.9,1.72,0.32
٦:٣٦:٢٢ م,6.87,1.78,633,6.9,1.77,0.49
٦:٣٦:٢٣ م,6.92,1.85,615,6.9,1.85,0.27
٦:٣٦:٢٤ م,7.06,1.75,637,7.01,1.76,0.65
٦:٣٦:٢٥ م,7.02,1.8,645,6.99,1.79,0.47
٦:٣٦:٢٦ م,7.05,1.8,636,7.1,1.8,0.68
٦:٣٦:٢٧ م,7.23,1.83,628,7.2,1.84,0.45
٦:٣٦:٢٨ م,7.22,1.75,631,7.26,1.73,0.61
٦:٣٦:٢٩ م,7.1,1.73,644,7.07,1.73,0.34
٦:٣٦:٣٠ م,6.96,1.72,668,6.98,1.71,0.25
٦:٣٦:٣١ م,6.93,1.76,661,6.91,1.76,0.26
٦:٣٦:٣٢ م,7.12,1.69,666,7.11,1.67,0.2
٦:٣٦:٣٣ م,7.31,1.68,653,7.3,1.69,0.09
٦:٣٦:٣٤ م,7.28,1.76,638,7.31,1.76,0.33
٦:٣٦:٣٥ م,7.47,1.84,614,7.51,1.85,0.62
٦:٣٦:٣٦ م,7.4,1.8,622,7.39,1.8,0.24
٦:٣٦:٣٧ م,7.37,1.86,608,7.33,1.87,0.49
٦:٣٦:٣٨ م,7.48,1.95,626,7.52,1.93,0.52
٦:٣٦:٣٩ م,7.56,1.88,650,7.6,1.88,0.43
٦:٣٦:٤٠ م,7.72,1.86,650,7.74,1.84,0.2
٦:٣٦:٤١ م,7.87,1.94,659,7.82,1.94,0.61
٦:٣٦:٤٢ م,7.72,1.9,646,7.68,1.92,0.6
٦:٣٦:٤٣ م,7.58,1.86,623,7.63,1.84,0.62
٦:٣٦:٤٤ م,7.48,1.76,648,7.51,1.77,0.45
٦:٣٦:٤٥ م,7.35,1.86,627,7.31,1.84,0.55
٦:٣٦:٤٧ م,7.54,1.94,635,7.54,1.93,0.05
٦:٣٦:٤٨ م,7.36,2.01,615,7.41,2,0.63
٦:٣٦:٤٩ م,7.25,2.08,622,7.28,2.08,0.42
٦:٣٦:٥٠ م,7.09,2.02,613,7.06,2,0.42
٦:٣٦:٥١ م,7.21,2.1,630,7.25,2.09,0.54
٦:٣٦:٥٢ م,7.02,2.17,617,7.07,2.19,0.65
٦:٣٦:٥٣ م,7.15,2.1,607,7.19,2.11,0.55
٦:٣٦:٥٤ م,7,2.14,612,7,2.14,0.05
٦:٣٦:٥٥ م,6.85,2.22,633,6.84,2.22,0.14
٦:٣٦:٥٦ م,6.9,2.24,626,6.94,2.24,0.58
٦:٣٦:٥٧ م,7,2.15,612,7.03,2.13,0.38
٦:٣٦:٥٨ م,7.03,2.11,603,7.07,2.13,0.45
٦:٣٦:٥٩ م,6.97,2.19,624,6.95,2.2,0.26
٦:٣٧:٠٠ م,6.82,2.18,642,6.78,2.19,0.59
٦:٣٧:٠١ م,6.7,2.14,640,6.7,2.15,0.12
٦:٣٧:٠٢ م,6.5,2.19,643,6.5,2.2,0.13
٦:٣٧:٠٣ م,6.46,2.27,657,6.45,2.29,0.12
٦:٣٧:٠٤ م,6.5,2.35,648,6.54,2.33,0.64
٦:٣٧:٠٥ م,6.53,2.26,652,6.53,2.27,0.04
٦:٣٧:٠٦ م,6.66,2.18,650,6.67,2.19,0.07
٦:٣٧:٠٧ م,6.8,2.1,645,6.8,2.08,0.04
٦:٣٧:٠٨ م,6.83,2.05,644,6.82,2.05,0.18
٦:٣٧:٠٩ م,7,1.98,623,6.97,1.96,0.52
٦:٣٧:١٠ م,7.05,2.05,646,7.1,2.03,0.65
٦:٣٧:١١ م,7.09,2.05,657,7.05,2.04,0.58
٦:٣٧:١٢ م,7.13,2.04,634,7.17,2.02,0.6
٦:٣٧:١٣ م,7.14,2.03,617,7.09,2.04,0.66
٦:٣٧:١٤ م,7.3,1.95,626,7.33,1.94,0.34
٦:٣٧:١٥ م,7.44,2,643,7.43,2.02,0.23
٦:٣٧:١٦ م,7.44,1.98,642,7.46,1.99,0.22
٦:٣٧:١٧ م,7.47,1.99,643,7.42,1.98,0.56
٦:٣٧:١٨ م,7.56,1.91,627,7.56,1.89,0.08
٦:٣٧:١٩ م,7.55,1.94,622,7.51,1.92,0.53
٦:٣٧:٢٠ م,7.5,2.01,640,7.51,2.02,0.17
٦:٣٧:٢١ م,7.35,1.92,655,7.4,1.92,0.57
٦:٣٧:٢٢ م,7.29,1.98,658,7.3,1.96,0.15
٦:٣٧:٢٣ م,7.35,1.9,653,7.36,1.89,0.21
٦:٣٧:٢٤ م,7.45,1.94,635,7.44,1.94,0.15
٦:٣٧:٢٥ م,7.52,1.92,611,7.52,1.9,0.02
٦:٣٧:٢٦ م,7.37,1.96,593,7.34,1.94,0.5
٦:٣٧:٢٧ م,7.29,1.98,584,7.26,2,0.4
٦:٣٧:٢٨ م,7.36,1.94,604,7.33,1.91,0.43
٦:٣٧:٢٩ م,7.28,1.86,625,7.27,1.86,0.21
٦:٣٧:٣٠ م,7.39,1.91,641,7.35,1.92,0.44
٦:٣٧:٣١ م,7.5,2,627,7.51,1.98,0.11
٦:٣٧:٣٢ م,7.66,1.98,620,7.67,1.97,0.13
٦:٣٧:٣٣ م,7.6,1.97,635,7.63,1.95,0.45
٦:٣٧:٣٤ م,7.65,1.94,649,7.69,1.96,0.61
٦:٣٧:٣٥ م,7.71,2.03,655,7.69,2.04,0.19
٦:٣٧:٣٦ م,7.54,2.04,642,7.57,2.02,0.48
٦:٣٧:٣٧ م,7.6,2.01,642,7.64,2.03,0.52
٦:٣٧:٣٨ م,7.44,2.1,662,7.44,2.08,0.08
٦:٣٧:٣٩ م,7.44,2.01,687,7.42,2.02,0.22
٦:٣٧:٤٠ م,7.59,1.96,676,7.64,1.97,0.64
٦:٣٧:٤١ م,7.4,1.96,699,7.44,1.97,0.64
٦:٣٧:٤٢ م,7.31,1.94,675,7.31,1.94,0.03
٦:٣٧:٤٣ م,7.38,1.96,681,7.41,1.94,0.36
٦:٣٧:٤٤ م,7.29,2.03,660,7.34,2.01,0.66
٦:٣٧:٤٥ م,7.09,2.05,681,7.13,2.03,0.47
٦:٣٧:٤٦ م,7.11,2,689,7.07,1.98,0.55
٦:٣٧:٤٧ م,7.07,1.92,668,7.04,1.9,0.34
٦:٣٧:٤٨ م,6.94,1.83,676,6.92,1.83,0.35
٦:٣٧:٤٩ م,7.02,1.8,676,7.01,1.82,0.23
٦:٣٧:٥٠ م,7.19,1.83,655,7.14,1.84,0.63
٦:٣٧:٥١ م,7.33,1.91,680,7.38,1.91,0.66
٦:٣٧:٥٢ م,7.44,1.83,680,7.4,1.85,0.56
٦:٣٧:٥٣ م,7.35,1.9,675,7.3,1.92,0.67
٦:٣٧:٥٤ م,7.35,1.95,681,7.34,1.94,0.15
٦:٣٧:٥٥ م,7.19,2.04,678,7.15,2.04,0.55
٦:٣٧:٥٦ م,7.25,2,696,7.25,2.02,0.02
٦:٣٧:٥٧ م,7.4,1.99,678,7.36,2,0.58
٦:٣٧:٥٨ م,7.6,1.91,695,7.62,1.9,0.32
٦:٣٧:٥٩ م,7.63,1.9,705,7.64,1.88,0.14
٦:٣٨:٠٠ م,7.76,1.85,727,7.76,1.84,0.06
٦:٣٨:٠١ م,7.77,1.94,712,7.76,1.94,0.07
٦:٣٨:٠٢ م,7.78,1.92,710,7.81,1.91,0.37
٦:٣٨:٠٣ م,7.8,1.91,686,7.76,1.93,0.57
٦:٣٨:٠٤ م,7.63,1.93,667,7.59,1.94,0.51
٦:٣٨:٠٥ م,7.58,2.02,650,7.58,2.02,0.1
٦:٣٨:٠٦ م,7.44,2.02,648,7.48,2.02,0.61
٦:٣٨:٠٧ م,7.38,1.94,648,7.38,1.95,0
٦:٣٨:٠٨ م,7.48,2.02,646,7.51,2.02,0.38
٦:٣٨:٠٩ م,7.46,2.03,671,7.44,2.06,0.26
٦:٣٨:١٠ م,7.63,1.94,686,7.65,1.93,0.21
٦:٣٨:١١ م,7.76,2.04,668,7.8,2.04,0.53
٦:٣٨:١٢ م,7.65,2.01,682,7.68,2,0.42
٦:٣٨:١٣ م,7.46,2.02,696,7.5,1.99,0.5
٦:٣٨:١٤ م,7.38,1.93,719,7.36,1.95,0.32
٦:٣٨:١٥ م,7.23,1.84,697,7.25,1.84,0.37
٦:٣٨:١٦ م,7.16,1.77,677,7.17,1.79,0.16
٦:٣٨:١٧ م,7.12,1.73,693,7.1,1.73,0.17
٦:٣٨:١٨ م,6.94,1.79,710,6.99,1.77,0.65
٦:٣٨:١٩ م,6.97,1.72,731,6.98,1.74,0.18
٦:٣٨:٢٠ م,6.85,1.8,751,6.89,1.82,0.64
٦:٣٨:٢١ م,6.78,1.87,742,6.75,1.87,0.39
٦:٣٨:٢٣ م,6.74,1.9,732,6.69,1.91,0.72
٦:٣٨:٢٤ م,6.72,1.95,712,6.74,1.93,0.34
٦:٣٨:٢٥ م,6.66,1.98,697,6.65,1.99,0.25
٦:٣٨:٢٦ م,6.57,2.05,703,6.61,2.04,0.52
٦:٣٨:٢٧ م,6.63,2.1,722,6.61,2.08,0.24
٦:٣٨:٢٨ م,6.6,2.18,730,6.55,2.2,0.68
٦:٣٨:٢٩ م,6.53,2.18,729,6.51,2.17,0.36
٦:٣٨:٣٠ م,6.39,2.27,728,6.39,2.29,0.02
٦:٣٨:٣١ م,6.38,2.37,752,6.38,2.35,0.09
٦:٣٨:٣٢ م,6.44,2.33,727,6.45,2.35,0.15
٦:٣٨:٣٣ م,6.62,2.27,744,6.61,2.28,0.1
٦:٣٨:٣٤ م,6.76,2.37,757,6.78,2.36,0.29
٦:٣٨:٣٥ م,6.68,2.46,750,6.67,2.47,0.22
٦:٣٨:٣٦ م,6.79,2.41,756,6.77,2.42,0.21
٦:٣٨:٣٧ م,6.61,2.32,781,6.6,2.31,0.12
٦:٣٨:٣٨ م,6.78,2.34,775,6.82,2.36,0.57
٦:٣٨:٣٩ م,6.94,2.33,773,6.93,2.32,0.1
٦:٣٨:٤٠ م,7.04,2.4,752,7,2.41,0.53
٦:٣٨:٤١ م,6.84,2.32,735,6.81,2.32,0.47
٦:٣٨:٤٢ م,6.68,2.24,727,6.67,2.23,0.16
٦:٣٨:٤٣ م,6.66,2.16,714,6.63,2.16,0.36
٦:٣٨:٤٤ م,6.63,2.16,690,6.59,2.18,0.62
٦:٣٨:٤٥ م,6.82,2.23,711,6.86,2.24,0.5
٦:٣٨:٤٦ م,6.9,2.24,732,6.92,2.25,0.32
٦:٣٨:٤٧ م,7.07,2.32,709,7.07,2.31,0.04
٦:٣٨:٤٨ م,6.89,2.28,688,6.85,2.26,0.7
٦:٣٨:٤٩ م,7.05,2.36,712,7.02,2.34,0.46
٦:٣٨:٥٠ م,7.2,2.43,732,7.22,2.42,0.18
٦:٣٨:٥١ م,7.27,2.33,747,7.23,2.32,0.6
٦:٣٨:٥٢ م,7.22,2.26,746,7.25,2.26,0.29
٦:٣٨:٥٣ م,7.28,2.19,770,7.29,2.17,0.03
٦:٣٨:٥٤ م,7.28,2.21,746,7.32,2.22,0.5
٦:٣٨:٥٥ م,7.45,2.16,735,7.43,2.16,0.23
٦:٣٨:٥٦ م,7.49,2.21,715,7.49,2.22,0.02
٦:٣٨:٥٧ م,7.51,2.18,702,7.49,2.19,0.32
٦:٣٨:٥٨ م,7.52,2.17,725,7.51,2.18,0.11
٦:٣٨:٥٩ م,7.44,2.19,707,7.44,2.21,0.07
٦:٣٩:٠٠ م,7.49,2.26,720,7.45,2.26,0.55
٦:٣٩:٠١ م,7.51,2.24,733,7.54,2.23,0.4
٦:٣٩:٠٢ م,7.53,2.19,730,7.55,2.17,0.32
٦:٣٩:٠٣ م,7.43,2.12,727,7.4,2.11,0.44
٦:٣٩:٠٤ م,7.56,2.16,729,7.61,2.17,0.63
٦:٣٩:٠٥ م,7.52,2.2,731,7.48,2.2,0.55
٦:٣٩:٠٦ م,7.57,2.11,715,7.59,2.12,0.3
٦:٣٩:٠٧ م,7.73,2.17,727,7.69,2.17,0.52
٦:٣٩:٠٨ م,7.67,2.13,718,7.67,2.11,0.01
٦:٣٩:٠٩ م,7.65,2.19,709,7.65,2.18,0.01
٦:٣٩:١٠ م,7.63,2.09,697,7.59,2.1,0.56
٦:٣٩:١١ م,7.48,2.11,686,7.43,2.13,0.57
٦:٣٩:١٢ م,7.47,2.06,708,7.45,2.08,0.26
٦:٣٩:١٣ م,7.37,2.15,694,7.4,2.17,0.34
٦:٣٩:١٤ م,7.52,2.15,714,7.55,2.13,0.31
٦:٣٩:١٥ م,7.45,2.14,703,7.41,2.14,0.5
٦:٣٩:١٦ م,7.6,2.21,708,7.61,2.21,0.04
٦:٣٩:١٧ م,7.69,2.3,716,7.67,2.3,0.17
٦:٣٩:١٨ م,7.58,2.24,740,7.63,2.25,0.55
٦:٣٩:١٩ م,7.42,2.14,748,7.39,2.13,0.35
٦:٣٩:٢٠ م,7.53,2.07,771,7.52,2.07,0.15
٦:٣٩:٢١ م,7.67,2.02,766,7.65,2,0.31
٦:٣٩:٢٢ م,7.63,1.96,785,7.67,1.97,0.52
٦:٣٩:٢٣ م,7.73,1.89,785,7.7,1.91,0.34
٦:٣٩:٢٤ م,7.59,1.93,762,7.62,1.91,0.44
٦:٣٩:٢٥ م,7.45,1.94,780,7.5,1.95,0.62
٦:٣٩:٢٦ م,7.33,1.89,788,7.32,1.9,0.12
٦:٣٩:٢٧ م,7.42,1.84,785,7.43,1.86,0.18
٦:٣٩:٢٨ م,7.55,1.82,774,7.56,1.84,0.08
٦:٣٩:٢٩ م,7.65,1.75,754,7.69,1.74,0.6
٦:٣٩:٣٠ م,7.54,1.7,736,7.54,1.7,0.05
٦:٣٩:٣١ م,7.54,1.65,735,7.57,1.63,0.38
٦:٣٩:٣٢ م,7.37,1.63,728,7.4,1.64,0.4
٦:٣٩:٣٣ م,7.36,1.58,752,7.41,1.57,0.62
٦:٣٩:٣٤ م,7.45,1.57,762,7.46,1.56,0.16
٦:٣٩:٣٥ م,7.26,1.66,755,7.25,1.67,0.09
٦:٣٩:٣٦ م,7.18,1.64,742,7.17,1.62,0.07
٦:٣٩:٣٧ م,7.1,1.58,749,7.1,1.56,0.09
٦:٣٩:٣٨ م,7.08,1.67,728,7.05,1.67,0.4
٦:٣٩:٣٩ م,6.91,1.61,726,6.88,1.6,0.44
٦:٣٩:٤٠ م,6.73,1.59,710,6.77,1.57,0.59
٦:٣٩:٤١ م,6.87,1.52,725,6.84,1.53,0.46
٦:٣٩:٤٢ م,6.77,1.44,712,6.76,1.42,0.2
٦:٣٩:٤٣ م,6.82,1.51,709,6.83,1.52,0.23
٦:٣٩:٤٤ م,6.66,1.52,709,6.62,1.5,0.57
٦:٣٩:٤٥ م,6.67,1.51,730,6.71,1.5,0.67
٦:٣٩:٤٦ م,6.62,1.45,706,6.65,1.46,0.51
٦:٣٩:٤٧ م,6.74,1.37,691,6.71,1.36,0.41
٦:٣٩:٤٨ م,6.78,1.31,695,6.82,1.32,0.71
٦:٣٩:٤٩ م,6.67,1.36,704,6.71,1.37,0.7
٦:٣٩:٥٠ م,6.81,1.28,717,6.81,1.3,0.04
٦:٣٩:٥١ م,6.85,1.2,737,6.87,1.2,0.31
٦:٣٩:٥٢ م,6.99,1.27,761,7.04,1.28,0.69
٦:٣٩:٥٣ م,6.84,1.25,781,6.8,1.25,0.54
٦:٣٩:٥٤ م,6.99,1.32,774,7.04,1.33,0.66
٦:٣٩:٥٥ م,6.86,1.27,768,6.87,1.27,0.18
٦:٣٩:٥٦ م,6.78,1.23,781,6.81,1.22,0.46
٦:٣٩:٥٧ م,6.94,1.23,767,6.9,1.22,0.58
٦:٣٩:٥٨ م,6.9,1.26,758,6.89,1.27,0.06
٦:٣٩:٥٩ م,6.81,1.35,747,6.77,1.35,0.49
٦:٤٠:٠٠ م,6.82,1.38,734,6.87,1.37,0.65
٦:٤٠:٠٢ م,6.76,1.32,747,6.77,1.3,0.22
٦:٤٠:٠٣ م,6.73,1.3,742,6.77,1.29,0.67
٦:٤٠:٠٤ م,6.75,1.24,718,6.79,1.25,0.59
٦:٤٠:٠٥ م,6.89,1.27,711,6.9,1.26,0.11
٦:٤٠:٠٦ م,6.92,1.26,719,6.97,1.25,0.64
٦:٤٠:٠٧ م,7.05,1.27,743,7.06,1.25,0.05
٦:٤٠:٠٨ م,6.87,1.3,746,6.91,1.3,0.58
٦:٤٠:٠٩ م,7.01,1.23,765,7.03,1.21,0.31
٦:٤٠:١٠ م,7.07,1.19,759,7.12,1.21,0.69
٦:٤٠:١١ م,6.93,1.24,744,6.91,1.22,0.25
٦:٤٠:١٢ م,6.88,1.3,755,6.84,1.31,0.52
٦:٤٠:١٣ م,6.71,1.25,732,6.74,1.26,0.53
٦:٤٠:١٤ م,6.63,1.24,708,6.65,1.24,0.4
٦:٤٠:١٥ م,6.72,1.23,687,6.7,1.23,0.3
٦:٤٠:١٦ م,6.81,1.29,665,6.79,1.27,0.29
٦:٤٠:١٧ م,6.95,1.26,663,6.91,1.24,0.58
٦:٤٠:١٨ م,7.11,1.23,663,7.15,1.21,0.53
٦:٤٠:١٩ م,7.3,1.32,644,7.33,1.3,0.36
٦:٤٠:٢٠ م,7.32,1.28,627,7.32,1.28,0.02
٦:٤٠:٢١ م,7.29,1.25,651,7.25,1.26,0.56
٦:٤٠:٢٢ م,7.09,1.19,673,7.05,1.2,0.63
٦:٤٠:٢٣ م,6.92,1.29,689,6.9,1.3,0.31
٦:٤٠:٢٤ م,6.99,1.25,714,6.99,1.26,0.01
٦:٤٠:٢٥ م,7.06,1.28,733,7.07,1.28,0.06
٦:٤٠:٢٦ م,7.07,1.18,713,7.08,1.2,0.24
٦:٤٠:٢٧ م,6.9,1.18,701,6.88,1.19,0.29
٦:٤٠:٢٨ م,6.98,1.19,686,6.96,1.21,0.26
٦:٤٠:٢٩ م,7.02,1.14,692,7.03,1.14,0.24
٦:٤٠:٣٠ م,7.03,1.21,705,7.03,1.2,0.02
٦:٤٠:٣١ م,6.86,1.3,716,6.82,1.28,0.51
٦:٤٠:٣٢ م,6.9,1.32,705,6.87,1.34,0.47
٦:٤٠:٣٣ م,6.74,1.24,718,6.79,1.23,0.73
٦:٤٠:٣٤ م,6.88,1.3,714,6.86,1.3,0.27
٦:٤٠:٣٥ م,6.85,1.39,703,6.85,1.42,0.02
٦:٤٠:٣٦ م,7.03,1.46,724,7.03,1.47,0.05
٦:٤٠:٣٧ م,7.15,1.55,720,7.15,1.56,0.12
٦:٤٠:٣٨ م,7.24,1.48,727,7.24,1.48,0.06
٦:٤٠:٣٩ م,7.37,1.46,706,7.33,1.48,0.54
٦:٤٠:٤٠ م,7.34,1.52,681,7.35,1.53,0.12
٦:٤٠:٤١ م,7.16,1.46,667,7.14,1.46,0.27
٦:٤٠:٤٢ م,7.22,1.42,687,7.17,1.44,0.6
٦:٤٠:٤٣ م,7.19,1.38,698,7.22,1.39,0.39
٦:٤٠:٤٤ م,7.25,1.44,674,7.29,1.43,0.51
٦:٤٠:٤٥ م,7.31,1.53,679,7.31,1.53,0.01
٦:٤٠:٤٦ م,7.22,1.62,668,7.18,1.62,0.54
٦:٤٠:٤٧ م,7.3,1.67,674,7.31,1.67,0.1
٦:٤٠:٤٨ م,7.38,1.64,669,7.33,1.62,0.66
٦:٤٠:٤٩ م,7.48,1.65,679,7.46,1.63,0.28
٦:٤٠:٥٠ م,7.67,1.59,698,7.68,1.58,0.12
٦:٤٠:٥١ م,7.76,1.68,686,7.77,1.68,0.16
٦:٤٠:٥٢ م,7.6,1.67,688,7.62,1.68,0.32
٦:٤٠:٥٣ م,7.45,1.59,701,7.43,1.58,0.28
٦:٤٠:٥٤ م,7.36,1.54,703,7.36,1.54,0.07
٦:٤٠:٥٥ م,7.4,1.58,680,7.38,1.57,0.21
٦:٤٠:٥٦ م,7.34,1.49,665,7.34,1.49,0.01
٦:٤٠:٥٧ م,7.27,1.48,660,7.31,1.48,0.56
٦:٤٠:٥٨ م,7.28,1.49,660,7.25,1.47,0.53
٦:٤٠:٥٩ م,7.44,1.4,661,7.42,1.42,0.3
٦:٤١:٠٠ م,7.48,1.38,671,7.52,1.36,0.59
٦:٤١:٠١ م,7.59,1.4,674,7.59,1.41,0.05
٦:٤١:٠٢ م,7.68,1.43,697,7.7,1.41,0.24
٦:٤١:٠٣ م,7.66,1.42,703,7.69,1.4,0.42
٦:٤١:٠٤ م,7.73,1.34,698,7.73,1.34,0.01
٦:٤١:٠٥ م,7.69,1.28,717,7.64,1.29,0.62
٦:٤١:٠٦ م,7.52,1.29,703,7.49,1.31,0.46
٦:٤١:٠٧ م,7.39,1.39,699,7.34,1.38,0.66
٦:٤١:٠٨ م,7.54,1.44,695,7.59,1.43,0.65
٦:٤١:٠٩ م,7.36,1.48,677,7.41,1.5,0.62
٦:٤١:١٠ م,7.52,1.5,692,7.57,1.49,0.61
٦:٤١:١١ م,7.51,1.43,673,7.48,1.44,0.44
٦:٤١:١٢ م,7.43,1.5,678,7.46,1.5,0.44
٦:٤١:١٣ م,7.6,1.53,693,7.57,1.51,0.39
٦:٤١:١٤ م,7.65,1.46,697,7.6,1.47,0.62
٦:٤١:١٥ م,7.64,1.44,691,7.67,1.44,0.46
٦:٤١:١٦ م,7.8,1.35,673,7.81,1.34,0.07
٦:٤١:١٧ م,7.76,1.26,676,7.79,1.26,0.37
٦:٤١:١٨ م,7.8,1.19,661,7.78,1.18,0.27
٦:٤١:١٩ م,7.89,1.19,647,7.88,1.22,0.2
٦:٤١:٢٠ م,8.02,1.27,634,8.06,1.28,0.5
٦:٤١:٢١ م,8.17,1.22,656,8.15,1.22,0.19
٦:٤١:٢٢ م,8.37,1.19,671,8.33,1.2,0.47
٦:٤١:٢٣ م,8.33,1.09,670,8.32,1.1,0.17
٦:٤١:٢٤ م,8.49,1.18,674,8.46,1.19,0.37
٦:٤١:٢٥ م,8.57,1.23,656,8.54,1.25,0.34
٦:٤١:٢٦ م,8.63,1.33,677,8.61,1.35,0.28
٦:٤١:٢٧ م,8.56,1.42,682,8.58,1.4,0.28
٦:٤١:٢٨ م,8.49,1.48,698,8.47,1.48,0.19
٦:٤١:٢٩ م,8.31,1.45,699,8.34,1.42,0.31
٦:٤١:٣٠ م,8.28,1.41,693,8.26,1.39,0.15
٦:٤١:٣١ م,8.13,1.41,706,8.13,1.39,0.06
٦:٤١:٣٢ م,8.27,1.48,684,8.31,1.47,0.49
٦:٤١:٣٣ م,8.13,1.38,700,8.13,1.4,0.05
٦:٤١:٣٤ م,8.3,1.43,700,8.27,1.45,0.36
٦:٤١:٣٥ م,8.3,1.51,717,8.33,1.51,0.39
٦:٤١:٣٦ م,8.46,1.6,708,8.46,1.58,0.08
٦:٤١:٣٧ م,8.5,1.69,692,8.55,1.71,0.52
٦:٤١:٣٨ م,8.41,1.61,705,8.4,1.62,0.17
٦:٤١:٣٩ م,8.37,1.53,721,8.36,1.53,0.08
٦:٤١:٤٠ م,8.45,1.44,704,8.5,1.44,0.56
٦:٤١:٤١ م,8.36,1.48,727,8.38,1.48,0.13
٦:٤١:٤٢ م,8.4,1.42,726,8.38,1.41,0.2
٦:٤١:٤٣ م,8.38,1.44,741,8.33,1.43,0.55
٦:٤١:٤٤ م,8.18,1.49,748,8.19,1.51,0.13
٦:٤١:٤٥ م,8.37,1.54,771,8.39,1.54,0.29
٦:٤١:٤٧ م,8.25,1.48,781,8.22,1.49,0.45
٦:٤١:٤٨ م,8.12,1.43,781,8.14,1.44,0.25
٦:٤١:٤٩ م,8.17,1.34,778,8.2,1.35,0.42
٦:٤١:٥٠ م,8.03,1.31,772,7.98,1.31,0.59
٦:٤١:٥١ م,8.22,1.39,749,8.18,1.38,0.47
٦:٤١:٥٢ م,8.28,1.49,751,8.3,1.48,0.23
٦:٤١:٥٣ م,8.32,1.39,729,8.34,1.38,0.13
٦:٤١:٥٤ م,8.21,1.42,714,8.2,1.42,0.08
٦:٤١:٥٥ م,8.2,1.5,704,8.19,1.48,0.06
٦:٤١:٥٦ م,8.35,1.52,685,8.32,1.51,0.43
٦:٤١:٥٧ م,8.32,1.53,666,8.28,1.53,0.5
٦:٤١:٥٨ م,8.26,1.44,650,8.23,1.46,0.34
٦:٤١:٥٩ م,8.34,1.49,635,8.34,1.51,0.1
٦:٤٢:٠٠ م,8.34,1.4,630,8.37,1.4,0.44
٦:٤٢:٠١ م,8.36,1.38,608,8.34,1.38,0.27
٦:٤٢:٠٢ م,8.32,1.35,603,8.28,1.35,0.53
٦:٤٢:٠٣ م,8.29,1.33,627,8.25,1.34,0.54
٦:٤٢:٠٤ م,8.29,1.43,618,8.25,1.44,0.57
٦:٤٢:٠٥ م,8.26,1.41,637,8.27,1.41,0.06
٦:٤٢:٠٦ م,8.15,1.39,623,8.14,1.41,0.06
٦:٤٢:٠٧ م,8.24,1.37,619,8.2,1.37,0.5
٦:٤٢:٠٨ م,8.28,1.33,623,8.29,1.32,0.19
٦:٤٢:٠٩ م,8.34,1.43,618,8.35,1.45,0.14
٦:٤٢:١٠ م,8.28,1.5,610,8.28,1.52,0.04
٦:٤٢:١١ م,8.36,1.51,602,8.32,1.51,0.49
٦:٤٢:١٢ م,8.47,1.58,610,8.5,1.57,0.45
٦:٤٢:١٣ م,8.53,1.63,598,8.56,1.64,0.38
٦:٤٢:١٤ م,8.63,1.68,583,8.58,1.69,0.53
٦:٤٢:١٥ م,8.43,1.64,605,8.42,1.66,0.14
٦:٤٢:١٦ م,8.61,1.69,581,8.63,1.69,0.15
٦:٤٢:١٧ م,8.72,1.76,560,8.68,1.75,0.55
٦:٤٢:١٨ م,8.63,1.82,582,8.66,1.84,0.36
٦:٤٢:١٩ م,8.46,1.92,588,8.46,1.93,0.09
٦:٤٢:٢٠ م,8.36,1.84,609,8.4,1.86,0.47
٦:٤٢:٢١ م,8.29,1.79,623,8.24,1.81,0.57
٦:٤٢:٢٢ م,8.16,1.73,618,8.14,1.71,0.17
٦:٤٢:٢٣ م,8.08,1.78,603,8.05,1.76,0.34
٦:٤٢:٢٤ م,7.91,1.73,612,7.9,1.75,0.14
٦:٤٢:٢٥ م,7.79,1.64,594,7.84,1.65,0.62
٦:٤٢:٢٦ م,7.99,1.59,615,8.02,1.59,0.45
٦:٤٢:٢٧ م,7.88,1.62,638,7.91,1.62,0.31
٦:٤٢:٢٨ م,7.79,1.55,620,7.77,1.57,0.31
٦:٤٢:٢٩ م,7.75,1.45,601,7.72,1.44,0.35
٦:٤٢:٣٠ م,7.9,1.51,624,7.88,1.52,0.25
٦:٤٢:٣١ م,7.94,1.52,649,7.97,1.51,0.4
٦:٤٢:٣٢ م,7.89,1.53,637,7.9,1.51,0.15
٦:٤٢:٣٣ م,7.69,1.49,647,7.71,1.5,0.23
٦:٤٢:٣٤ م,7.58,1.45,639,7.57,1.46,0.02
٦:٤٢:٣٥ م,7.77,1.51,629,7.73,1.51,0.51
٦:٤٢:٣٦ م,7.61,1.51,631,7.59,1.5,0.3
٦:٤٢:٣٧ م,7.72,1.53,628,7.72,1.54,0.03
٦:٤٢:٣٨ م,7.75,1.6,606,7.79,1.61,0.51
٦:٤٢:٣٩ م,7.91,1.52,625,7.89,1.52,0.3
٦:٤٢:٤٠ م,7.87,1.46,627,7.85,1.45,0.34
٦:٤٢:٤١ م,7.76,1.5,613,7.8,1.51,0.49
٦:٤٢:٤٢ م,7.85,1.53,603,7.85,1.52,0
٦:٤٢:٤٣ م,7.7,1.56,603,7.71,1.55,0.11
٦:٤٢:٤٤ م,7.72,1.64,616,7.73,1.66,0.1
٦:٤٢:٤٥ م,7.74,1.54,611,7.7,1.55,0.59
٦:٤٢:٤٦ م,7.8,1.58,593,7.8,1.57,0.01
٦:٤٢:٤٧ م,7.96,1.55,604,8,1.57,0.47
٦:٤٢:٤٨ م,8.08,1.56,583,8.04,1.57,0.54
٦:٤٢:٤٩ م,8.27,1.52,565,8.32,1.54,0.6
٦:٤٢:٥٠ م,8.23,1.43,576,8.2,1.41,0.32
٦:٤٢:٥١ م,8.38,1.47,578,8.4,1.46,0.27
٦:٤٢:٥٢ م,8.56,1.54,596,8.53,1.55,0.28
٦:٤٢:٥٣ م,8.59,1.47,580,8.63,1.45,0.47
٦:٤٢:٥٤ م,8.78,1.43,602,8.78,1.42,0.01
٦:٤٢:٥٥ م,8.69,1.48,601,8.73,1.47,0.48
٦:٤٢:٥٦ م,8.83,1.56,625,8.87,1.54,0.47
٦:٤٢:٥٧ م,8.92,1.58,614,8.96,1.6,0.44
٦:٤٢:٥٨ م,8.82,1.58,617,8.86,1.59,0.36
٦:٤٢:٥٩ م,8.68,1.62,634,8.72,1.6,0.52
٦:٤٣:٠٠ م,8.67,1.69,613,8.71,1.7,0.45
٦:٤٣:٠١ م,8.75,1.64,623,8.7,1.64,0.57
٦:٤٣:٠٢ م,8.9,1.65,643,8.95,1.67,0.51
٦:٤٣:٠٣ م,8.98,1.62,631,8.93,1.61,0.54
٦:٤٣:٠٤ م,9.14,1.71,624,9.14,1.7,0.01
٦:٤٣:٠٥ م,9.28,1.78,633,9.23,1.78,0.46
٦:٤٣:٠٦ م,9.25,1.83,614,9.23,1.84,0.21
٦:٤٣:٠٧ م,9.31,1.78,597,9.34,1.78,0.34
٦:٤٣:٠٨ م,9.12,1.7,607,9.12,1.71,0.01
٦:٤٣:٠٩ م,9.02,1.62,601,9.01,1.64,0.08
٦:٤٣:١٠ م,8.89,1.56,605,8.87,1.57,0.26
٦:٤٣:١١ م,8.93,1.49,624,8.98,1.5,0.5
٦:٤٣:١٢ م,9.09,1.4,620,9.05,1.4,0.53
٦:٤٣:١٣ م,9.02,1.36,603,9.02,1.34,0.04
٦:٤٣:١٤ م,9.11,1.42,611,9.06,1.44,0.53
٦:٤٣:١٥ م,9.01,1.35,614,9.04,1.36,0.38
٦:٤٣:١٦ م,9.1,1.35,634,9.07,1.37,0.28
٦:٤٣:١٧ م,9.17,1.3,638,9.19,1.3,0.17
٦:٤٣:١٨ م,8.98,1.21,654,8.95,1.22,0.32
٦:٤٣:١٩ م,9.13,1.3,641,9.16,1.28,0.28
٦:٤٣:٢٠ م,9.28,1.26,629,9.26,1.25,0.29
٦:٤٣:٢١ م,9.24,1.29,639,9.29,1.28,0.5
٦:٤٣:٢٢ م,9.42,1.22,656,9.38,1.25,0.42
٦:٤٣:٢٤ م,9.35,1.26,643,9.4,1.24,0.51
٦:٤٣:٢٥ م,9.5,1.22,634,9.46,1.21,0.43
٦:٤٣:٢٦ م,9.37,1.15,652,9.34,1.13,0.33
٦:٤٣:٢٧ م,9.43,1.22,664,9.39,1.24,0.4
٦:٤٣:٢٨ م,9.52,1.32,681,9.52,1.3,0.04
٦:٤٣:٢٩ م,9.71,1.3,676,9.67,1.32,0.42
٦:٤٣:٣٠ م,9.59,1.29,676,9.55,1.29,0.42
٦:٤٣:٣١ م,9.6,1.36,667,9.55,1.33,0.51
٦:٤٣:٣٢ م,9.47,1.35,664,9.43,1.37,0.39
٦:٤٣:٣٣ م,9.4,1.27,684,9.35,1.29,0.47
٦:٤٣:٣٤ م,9.58,1.17,705,9.53,1.19,0.52
٦:٤٣:٣٥ م,9.6,1.1,713,9.64,1.09,0.44
٦:٤٣:٣٦ م,9.78,1.17,734,9.79,1.16,0.03
٦:٤٣:٣٧ م,9.62,1.1,748,9.63,1.09,0.12
٦:٤٣:٣٨ م,9.7,1.05,763,9.74,1.07,0.37
٦:٤٣:٣٩ م,9.82,1.11,741,9.79,1.08,0.33
٦:٤٣:٤٠ م,9.72,1.2,720,9.72,1.19,0
٦:٤٣:٤١ م,9.63,1.24,699,9.59,1.25,0.33
٦:٤٣:٤٢ م,9.75,1.28,720,9.77,1.3,0.26
٦:٤٣:٤٣ م,9.57,1.18,710,9.54,1.16,0.34
٦:٤٣:٤٤ م,9.71,1.16,721,9.72,1.15,0.12
٦:٤٣:٤٥ م,9.64,1.11,722,9.6,1.09,0.38
٦:٤٣:٤٦ م,9.76,1.06,736,9.72,1.08,0.35
٦:٤٣:٤٧ م,9.94,1.09,751,9.95,1.07,0.11
٦:٤٣:٤٨ م,9.93,1.05,741,9.95,1.03,0.26
٦:٤٣:٤٩ م,10.13,1.06,738,10.15,1.07,0.2
٦:٤٣:٥٠ م,10.01,1.01,724,10,1.03,0.06
٦:٤٣:٥١ م,10.08,0.99,743,10.05,0.99,0.23
٦:٤٣:٥٢ م,10.14,0.91,727,10.14,0.9,0.01
٦:٤٣:٥٣ م,10.25,0.95,710,10.29,0.94,0.44
٦:٤٣:٥٤ م,10.44,0.91,726,10.43,0.89,0.13
٦:٤٣:٥٥ م,10.63,0.99,727,10.66,0.99,0.29
٦:٤٣:٥٦ م,10.77,0.94,728,10.76,0.91,0.11
٦:٤٣:٥٧ م,10.65,0.97,727,10.63,0.96,0.24
٦:٤٣:٥٨ م,10.66,0.98,722,10.66,0.96,0.01
٦:٤٣:٥٩ م,10.47,1,730,10.47,0.98,0.02
٦:٤٤:٠٠ م,10.32,1.02,723,10.28,1,0.42
٦:٤٤:٠١ م,10.31,1.01,719,10.29,1.01,0.16
٦:٤٤:٠٢ م,10.11,0.96,729,10.06,0.94,0.5
٦:٤٤:٠٣ م,10.29,0.9,709,10.32,0.88,0.26
٦:٤٤:٠٤ م,10.23,0.83,693,10.18,0.84,0.42
٦:٤٤:٠٥ م,10.17,0.87,681,10.13,0.84,0.44
٦:٤٤:٠٦ م,10.05,0.91,669,10.03,0.9,0.15
٦:٤٤:٠٧ م,9.98,0.96,681,9.95,0.99,0.27
٦:٤٤:٠٨ م,9.85,0.96,659,9.83,0.96,0.28
٦:٤٤:٠٩ م,9.79,0.96,654,9.78,0.98,0.1
٦:٤٤:١٠ م,9.96,1.06,665,9.99,1.04,0.38
٦:٤٤:١١ م,10.03,0.98,683,10.02,0.98,0.12
٦:٤٤:١٢ م,9.96,0.95,669,9.96,0.95,0.01
٦:٤٤:١٣ م,9.82,0.92,669,9.83,0.92,0.08
٦:٤٤:١٤ م,10,1,665,10.04,1,0.35
٦:٤٤:١٥ م,10.18,1.08,644,10.19,1.06,0.09
٦:٤٤:١٦ م,10.12,1.17,625,10.14,1.19,0.26
٦:٤٤:١٧ م,10.13,1.1,636,10.1,1.11,0.24
٦:٤٤:١٨ م,10.16,1.13,655,10.15,1.11,0.03
٦:٤٤:١٩ م,10.21,1.16,646,10.24,1.18,0.33
٦:٤٤:٢٠ م,10.04,1.07,652,10.01,1.05,0.32
٦:٤٤:٢١ م,9.98,1.01,661,10.01,1.02,0.29
٦:٤٤:٢٢ م,10.15,1.04,682,10.1,1.04,0.43
٦:٤٤:٢٣ م,10.27,1.02,682,10.31,1.01,0.41
٦:٤٤:٢٤ م,10.25,0.95,691,10.28,0.96,0.35
٦:٤٤:٢٥ م,10.24,0.86,709,10.26,0.86,0.2
٦:٤٤:٢٦ م,10.33,0.94,701,10.28,0.94,0.46
٦:٤٤:٢٧ م,10.4,1,717,10.42,1,0.21
٦:٤٤:٢٨ م,10.47,0.98,706,10.46,0.97,0.03
٦:٤٤:٢٩ م,10.39,1.02,690,10.41,1,0.24
٦:٤٤:٣٠ م,10.39,1.06,683,10.37,1.07,0.17
٦:٤٤:٣١ م,10.43,1.11,663,10.41,1.1,0.12
٦:٤٤:٣٢ م,10.5,1.17,680,10.53,1.18,0.25
٦:٤٤:٣٣ م,10.33,1.07,676,10.29,1.09,0.34
٦:٤٤:٣٤ م,10.16,1.15,699,10.19,1.15,0.34
٦:٤٤:٣٥ م,10.18,1.19,699,10.16,1.17,0.26
٦:٤٤:٣٦ م,10.03,1.12,679,10.05,1.14,0.19
٦:٤٤:٣٧ م,9.87,1.17,683,9.88,1.2,0.07
٦:٤٤:٣٨ م,9.75,1.22,667,9.73,1.22,0.14
٦:٤٤:٣٩ م,9.77,1.25,690,9.76,1.25,0.17
٦:٤٤:٤٠ م,9.66,1.18,667,9.61,1.17,0.51
٦:٤٤:٤١ م,9.76,1.12,674,9.71,1.11,0.48
٦:٤٤:٤٢ م,9.71,1.1,691,9.73,1.09,0.2
٦:٤٤:٤٣ م,9.64,1.14,679,9.68,1.12,0.42
٦:٤٤:٤٤ م,9.49,1.17,678,9.52,1.18,0.33
٦:٤٤:٤٥ م,9.46,1.22,702,9.47,1.23,0.13
٦:٤٤:٤٦ م,9.53,1.24,702,9.49,1.25,0.43
٦:٤٤:٤٧ م,9.59,1.14,719,9.56,1.16,0.38
٦:٤٤:٤٨ م,9.46,1.18,712,9.46,1.2,0.01
٦:٤٤:٤٩ م,9.39,1.17,729,9.36,1.15,0.33
٦:٤٤:٥٠ م,9.24,1.27,750,9.27,1.25,0.32
٦:٤٤:٥١ م,9.35,1.17,731,9.36,1.18,0.19
٦:٤٤:٥٢ م,9.35,1.17,748,9.39,1.18,0.39
٦:٤٤:٥٣ م,9.5,1.18,766,9.5,1.19,0.05
٦:٤٤:٥٤ م,9.37,1.17,768,9.35,1.19,0.16
٦:٤٤:٥٥ م,9.38,1.1,756,9.42,1.08,0.44
٦:٤٤:٥٦ م,9.49,1.17,754,9.44,1.16,0.46
٦:٤٤:٥٧ م,9.45,1.25,768,9.47,1.23,0.23
٦:٤٤:٥٨ م,9.61,1.15,782,9.58,1.18,0.32
٦:٤٤:٥٩ م,9.64,1.07,805,9.64,1.07,0.05
٦:٤٥:٠١ م,9.49,1.1,794,9.49,1.08,0.02
٦:٤٥:٠٢ م,9.4,1.02,792,9.39,1.02,0.14
٦:٤٥:٠٣ م,9.33,0.93,807,9.33,0.94,0
٦:٤٥:٠٤ م,9.48,0.96,810,9.5,0.98,0.27
٦:٤٥:٠٥ م,9.66,0.92,803,9.66,0.91,0.06
٦:٤٥:٠٦ م,9.84,0.92,812,9.81,0.9,0.27
٦:٤٥:٠٧ م,9.9,0.89,789,9.89,0.87,0.13
٦:٤٥:٠٨ م,10.02,0.85,784,9.98,0.87,0.36
٦:٤٥:٠٩ م,9.94,0.81,797,9.91,0.8,0.31
٦:٤٥:١٠ م,10,0.79,813,10,0.8,0
٦:٤٥:١١ م,9.96,0.76,790,9.99,0.75,0.34
٦:٤٥:١٢ م,10.08,0.68,788,10.08,0.67,0.03
٦:٤٥:١٣ م,10,0.6,789,9.99,0.62,0.13
٦:٤٥:١٤ م,9.94,0.65,771,9.94,0.63,0.01
٦:٤٥:١٥ م,9.77,0.56,795,9.77,0.56,0
٦:٤٥:١٦ م,9.74,0.58,780,9.74,0.59,0.01
٦:٤٥:١٧ م,9.7,0.62,798,9.72,0.64,0.28
٦:٤٥:١٨ م,9.61,0.61,814,9.63,0.6,0.23
٦:٤٥:١٩ م,9.67,0.56,837,9.63,0.55,0.4
٦:٤٥:٢٠ م,9.75,0.55,841,9.71,0.57,0.42
٦:٤٥:٢١ م,9.6,0.5,847,9.56,0.52,0.36
٦:٤٥:٢٢ م,9.69,0.42,866,9.74,0.43,0.46
٦:٤٥:٢٣ م,9.72,0.35,851,9.73,0.35,0.1
٦:٤٥:٢٤ م,9.53,0.41,838,9.49,0.43,0.48
٦:٤٥:٢٥ م,9.44,0.39,849,9.46,0.41,0.23
٦:٤٥:٢٦ م,9.4,0.3,834,9.42,0.32,0.21
٦:٤٥:٢٧ م,9.28,0.39,820,9.27,0.39,0.13
٦:٤٥:٢٨ م,9.26,0.46,795,9.26,0.46,0
٦:٤٥:٢٩ م,9.11,0.5,778,9.14,0.49,0.25
٦:٤٥:٣٠ م,9.19,0.45,757,9.21,0.45,0.2
٦:٤٥:٣١ م,8.99,0.42,753,9.04,0.42,0.47
٦:٤٥:٣٢ م,9.12,0.43,736,9.09,0.45,0.33
٦:٤٥:٣٣ م,9.3,0.36,740,9.33,0.36,0.31
٦:٤٥:٣٤ م,9.15,0.27,734,9.12,0.25,0.42
٦:٤٥:٣٥ م,9.34,0.29,737,9.38,0.28,0.38
٦:٤٥:٣٦ م,9.25,0.24,758,9.23,0.23,0.24
٦:٤٥:٣٧ م,9.05,0.21,773,9.04,0.19,0.14
٦:٤٥:٣٨ م,9.16,0.15,755,9.15,0.14,0.1
٦:٤٥:٣٩ م,9.25,0.11,749,9.25,0.11,0.04
٦:٤٥:٤٠ م,9.3,0.09,724,9.33,0.09,0.34
٦:٤٥:٤١ م,9.33,0,705,9.34,-0.01,0.1
٦:٤٥:٤٢ م,9.33,0.03,727,9.38,0.01,0.52
٦:٤٥:٤٣ م,9.49,0,737,9.44,-0.02,0.48
٦:٤٥:٤٤ م,9.64,0.09,719,9.68,0.08,0.38
٦:٤٥:٤٥ م,9.6,0.11,697,9.59,0.1,0.05
٦:٤٥:٤٦ م,9.64,0.02,721,9.62,0.04,0.24
٦:٤٥:٤٧ م,9.58,0.12,728,9.58,0.12,0.02
٦:٤٥:٤٨ م,9.41,0.16,728,9.38,0.17,0.26
٦:٤٥:٤٩ م,9.53,0.19,736,9.49,0.18,0.47
٦:٤٥:٥٠ م,9.66,0.1,724,9.64,0.08,0.14
٦:٤٥:٥١ م,9.53,0.13,709,9.57,0.13,0.44
٦:٤٥:٥٢ م,9.47,0.11,714,9.46,0.1,0.16
٦:٤٥:٥٣ م,9.61,0.2,706,9.57,0.22,0.37
٦:٤٥:٥٤ م,9.55,0.27,692,9.53,0.29,0.24
٦:٤٥:٥٥ م,9.5,0.23,695,9.51,0.24,0.07
٦:٤٥:٥٦ م,9.63,0.14,670,9.67,0.13,0.4
٦:٤٥:٥٧ م,9.8,0.23,645,9.84,0.23,0.44
٦:٤٥:٥٨ م,9.76,0.23,629,9.78,0.22,0.16
٦:٤٥:٥٩ م,9.88,0.13,621,9.92,0.13,0.38
٦:٤٦:٠٠ م,10.05,0.12,619,10.01,0.14,0.44
٦:٤٦:٠١ م,9.95,0.14,632,9.94,0.13,0.18
٦:٤٦:٠٢ م,9.81,0.07,631,9.79,0.09,0.16
٦:٤٦:٠٣ م,9.63,0.14,626,9.67,0.14,0.38
٦:٤٦:٠٤ م,9.72,0.16,643,9.68,0.18,0.47
٦:٤٦:٠٥ م,9.62,0.2,647,9.65,0.21,0.26
٦:٤٦:٠٦ م,9.65,0.19,668,9.65,0.18,0.08
٦:٤٦:٠٧ م,9.55,0.24,691,9.55,0.27,0.04
٦:٤٦:٠٨ م,9.63,0.16,708,9.61,0.16,0.25
٦:٤٦:٠٩ م,9.67,0.11,685,9.69,0.11,0.22
٦:٤٦:١٠ م,9.65,0.08,676,9.68,0.06,0.24
٦:٤٦:١١ م,9.75,0.17,685,9.71,0.16,0.43
٦:٤٦:١٢ م,9.84,0.12,680,9.85,0.1,0.17
٦:٤٦:١٣ م,10,0.16,657,10,0.17,0.04
٦:٤٦:١٤ م,10.02,0.23,666,10.05,0.24,0.33
٦:٤٦:١٥ م,9.85,0.32,656,9.87,0.33,0.18
٦:٤٦:١٦ م,9.93,0.22,634,9.88,0.23,0.46
٦:٤٦:١٧ م,9.86,0.18,633,9.91,0.2,0.45
٦:٤٦:١٨ م,9.86,0.11,609,9.82,0.1,0.47
٦:٤٦:١٩ م,10.04,0.17,597,10,0.19,0.45
٦:٤٦:٢٠ م,10.02,0.2,614,10.02,0.2,0.03
٦:٤٦:٢١ م,9.84,0.14,594,9.84,0.12,0.04
٦:٤٦:٢٢ م,9.83,0.23,603,9.82,0.21,0.09
٦:٤٦:٢٣ م,9.72,0.14,608,9.73,0.15,0.08
٦:٤٦:٢٤ م,9.69,0.12,623,9.64,0.13,0.49
٦:٤٦:٢٥ م,9.88,0.21,611,9.91,0.23,0.31
٦:٤٦:٢٦ م,9.96,0.24,628,10.01,0.25,0.44
٦:٤٦:٢٧ م,9.78,0.18,644,9.82,0.2,0.43
٦:٤٦:٢٨ م,9.84,0.17,647,9.85,0.14,0.11
٦:٤٦:٢٩ م,9.84,0.07,646,9.85,0.06,0.07
٦:٤٦:٣٠ م,9.82,0.06,622,9.83,0.06,0.12
٦:٤٦:٣١ م,9.87,0.08,618,9.88,0.07,0.02
٦:٤٦:٣٢ م,9.7,0.09,631,9.65,0.1,0.46
٦:٤٦:٣٣ م,9.58,0.13,635,9.61,0.11,0.34
٦:٤٦:٣٤ م,9.51,0.07,646,9.5,0.09,0.04
٦:٤٦:٣٥ م,9.39,0,650,9.38,-0.01,0.09
٦:٤٦:٣٦ م,9.56,0.01,666,9.53,0.01,0.32
٦:٤٦:٣٧ م,9.71,0.04,649,9.74,0.04,0.29
٦:٤٦:٣٨ م,9.66,0.09,647,9.67,0.08,0.1
٦:٤٦:٣٩ م,9.78,0.07,641,9.79,0.09,0.13
٦:٤٦:٤٠ م,9.66,0.08,623,9.63,0.07,0.3
٦:٤٦:٤٢ م,9.62,0,639,9.6,0,0.26
٦:٤٦:٤٣ م,9.49,0.01,633,9.48,-0.01,0.18
٦:٤٦:٤٤ م,9.67,0.01,615,9.63,0.01,0.42
٦:٤٦:٤٥ م,9.47,0,629,9.46,0.01,0.1
٦:٤٦:٤٦ م,9.4,0,622,9.35,0.01,0.48
٦:٤٦:٤٧ م,9.31,0,614,9.27,0,0.44
٦:٤٦:٤٨ م,9.2,0,616,9.23,0,0.41
٦:٤٦:٤٩ م,9.16,0.04,626,9.21,0.06,0.54
٦:٤٦:٥٠ م,9.19,0.11,624,9.17,0.12,0.15
٦:٤٦:٥١ م,9.24,0.09,634,9.26,0.1,0.25
٦:٤٦:٥٢ م,9.22,0.05,642,9.2,0.05,0.28
٦:٤٦:٥٣ م,9.18,0.1,639,9.13,0.08,0.49
٦:٤٦:٥٤ م,9.31,0.03,655,9.33,0.05,0.22
٦:٤٦:٥٥ م,9.15,0.02,643,9.14,-0.01,0.2
٦:٤٦:٥٦ م,9.08,0,621,9.06,0,0.15
٦:٤٦:٥٧ م,8.91,0.06,618,8.92,0.08,0.13
٦:٤٦:٥٨ م,8.94,0.15,599,8.98,0.13,0.45
٦:٤٦:٥٩ م,8.93,0.19,587,8.96,0.19,0.29
٦:٤٧:٠٠ م,9.05,0.17,593,9.02,0.17,0.35
٦:٤٧:٠١ م,8.92,0.26,617,8.93,0.28,0.09
٦:٤٧:٠٢ م,9.03,0.24,595,9.02,0.25,0.07
٦:٤٧:٠٣ م,9.22,0.31,604,9.2,0.29,0.28
٦:٤٧:٠٤ م,9.17,0.34,605,9.17,0.36,0
٦:٤٧:٠٥ م,9.06,0.41,588,9.1,0.39,0.41
٦:٤٧:٠٦ م,8.98,0.37,604,8.96,0.35,0.26
٦:٤٧:٠٧ م,9.05,0.28,603,9.06,0.29,0.04
٦:٤٧:٠٨ م,8.94,0.23,614,8.95,0.23,0.07
٦:٤٧:٠٩ م,8.92,0.14,620,8.96,0.16,0.55
٦:٤٧:١٠ م,8.87,0.17,603,8.83,0.19,0.43
٦:٤٧:١١ م,8.89,0.24,600,8.89,0.24,0.03
٦:٤٧:١٢ م,8.95,0.3,599,8.92,0.31,0.26
٦:٤٧:١٣ م,8.8,0.38,584,8.79,0.39,0.14
٦:٤٧:١٤ م,8.94,0.43,605,8.95,0.41,0.11
٦:٤٧:١٥ م,8.95,0.34,614,8.95,0.32,0.01
٦:٤٧:١٦ م,8.85,0.34,601,8.86,0.32,0.09
٦:٤٧:١٧ م,8.78,0.34,625,8.78,0.33,0.02
٦:٤٧:١٨ م,8.67,0.36,612,8.62,0.37,0.57
٦:٤٧:١٩ م,8.6,0.32,600,8.56,0.33,0.49
٦:٤٧:٢٠ م,8.79,0.37,584,8.83,0.37,0.49
٦:٤٧:٢١ م,8.94,0.3,608,8.94,0.31,0.07
٦:٤٧:٢٢ م,9.1,0.28,601,9.07,0.3,0.4
٦:٤٧:٢٣ م,9.27,0.22,615,9.24,0.21,0.39
٦:٤٧:٢٤ م,9.11,0.2,628,9.12,0.22,0.14
٦:٤٧:٢٥ م,8.95,0.18,614,8.96,0.19,0.06
٦:٤٧:٢٦ م,8.97,0.17,613,8.98,0.18,0.04
٦:٤٧:٢٧ م,8.9,0.11,628,8.91,0.12,0.15
٦:٤٧:٢٨ م,8.98,0.18,618,8.93,0.17,0.51
٦:٤٧:٢٩ م,9.16,0.19,618,9.2,0.17,0.38
٦:٤٧:٣٠ م,9.16,0.11,618,9.21,0.13,0.54
٦:٤٧:٣١ م,9.2,0.07,604,9.25,0.06,0.52
٦:٤٧:٣٢ م,9.14,0.02,582,9.11,0.01,0.42
٦:٤٧:٣٣ م,9.16,0.05,573,9.13,0.04,0.29
٦:٤٧:٣٤ م,9.22,0.03,559,9.2,0.05,0.25
٦:٤٧:٣٥ م,9.27,0,551,9.3,-0.01,0.24
٦:٤٧:٣٦ م,9.28,0,533,9.24,0,0.48
٦:٤٧:٣٧ م,9.13,0.02,519,9.14,0.04,0.05
٦:٤٧:٣٨ م,9.24,0,531,9.27,0.02,0.38
٦:٤٧:٣٩ م,9.14,0.07,524,9.11,0.08,0.25
٦:٤٧:٤٠ م,9.29,0.1,546,9.24,0.13,0.51
٦:٤٧:٤١ م,9.47,0.18,532,9.46,0.16,0.06
٦:٤٧:٤٢ م,9.55,0.16,540,9.5,0.18,0.51
٦:٤٧:٤٣ م,9.57,0.12,565,9.61,0.13,0.41
٦:٤٧:٤٤ م,9.68,0.18,584,9.66,0.21,0.14
٦:٤٧:٤٥ م,9.8,0.2,595,9.8,0.21,0
٦:٤٧:٤٦ م,9.77,0.16,618,9.77,0.13,0.03
٦:٤٧:٤٧ م,9.89,0.15,640,9.91,0.14,0.16
٦:٤٧:٤٨ م,9.79,0.22,642,9.8,0.21,0.17
٦:٤٧:٤٩ م,9.74,0.23,642,9.78,0.22,0.41
٦:٤٧:٥٠ م,9.6,0.25,664,9.63,0.24,0.33
٦:٤٧:٥١ م,9.43,0.35,645,9.48,0.34,0.48
٦:٤٧:٥٢ م,9.42,0.26,663,9.46,0.27,0.45
٦:٤٧:٥٣ م,9.25,0.32,651,9.25,0.33,0.03
٦:٤٧:٥٤ م,9.35,0.26,650,9.32,0.25,0.32
٦:٤٧:٥٥ م,9.35,0.32,652,9.34,0.3,0.08
٦:٤٧:٥٦ م,9.41,0.39,649,9.44,0.38,0.34
٦:٤٧:٥٧ م,9.49,0.31,672,9.46,0.28,0.26
٦:٤٧:٥٨ م,9.51,0.27,680,9.51,0.27,0.01
٦:٤٧:٥٩ م,9.56,0.18,689,9.52,0.19,0.35
٦:٤٨:٠٠ م,9.57,0.2,689,9.57,0.18,0
٦:٤٨:٠١ م,9.77,0.25,700,9.72,0.24,0.42
٦:٤٨:٠٢ م,9.69,0.16,694,9.68,0.18,0.16
٦:٤٨:٠٣ م,9.79,0.08,682,9.84,0.1,0.51
٦:٤٨:٠٤ م,9.72,0.16,687,9.69,0.16,0.3
٦:٤٨:٠٥ م,9.7,0.25,689,9.66,0.27,0.38
٦:٤٨:٠٦ م,9.53,0.27,692,9.56,0.25,0.31
٦:٤٨:٠٧ م,9.67,0.36,670,9.7,0.38,0.33
٦:٤٨:٠٨ م,9.85,0.27,682,9.85,0.26,0.06
٦:٤٨:٠٩ م,9.82,0.2,681,9.82,0.19,0.04
٦:٤٨:١٠ م,9.75,0.29,697,9.73,0.3,0.23
٦:٤٨:١١ م,9.75,0.21,710,9.77,0.19,0.18
٦:٤٨:١٢ م,9.61,0.3,733,9.64,0.28,0.29
٦:٤٨:١٣ م,9.72,0.39,720,9.71,0.41,0.13
٦:٤٨:١٤ م,9.74,0.4,712,9.73,0.38,0.19
٦:٤٨:١٥ م,9.82,0.36,697,9.86,0.39,0.43
٦:٤٨:١٦ م,9.75,0.32,705,9.74,0.33,0.04
٦:٤٨:١٧ م,9.93,0.37,698,9.91,0.36,0.18
٦:٤٨:١٨ م,9.98,0.28,722,9.97,0.28,0.14
٦:٤٨:١٩ م,10.17,0.24,720,10.18,0.25,0.15
٦:٤٨:٢٠ م,10.33,0.18,715,10.3,0.17,0.35
٦:٤٨:٢١ م,10.35,0.27,711,10.33,0.29,0.16
٦:٤٨:٢٢ م,10.49,0.18,726,10.51,0.19,0.19
٦:٤٨:٢٤ م,10.55,0.13,702,10.58,0.11,0.28
٦:٤٨:٢٥ م,10.56,0.17,721,10.56,0.18,0.03
٦:٤٨:٢٦ م,10.48,0.22,738,10.46,0.24,0.23
٦:٤٨:٢٧ م,10.35,0.24,758,10.38,0.24,0.36
٦:٤٨:٢٨ م,10.16,0.27,739,10.15,0.25,0.07
٦:٤٨:٢٩ م,10.3,0.3,738,10.35,0.31,0.43
٦:٤٨:٣٠ م,10.42,0.4,724,10.4,0.37,0.22
٦:٤٨:٣١ م,10.56,0.42,716,10.57,0.4,0.08
٦:٤٨:٣٢ م,10.71,0.41,695,10.72,0.41,0.09
٦:٤٨:٣٣ م,10.81,0.39,674,10.86,0.38,0.44
٦:٤٨:٣٤ م,10.78,0.3,676,10.76,0.28,0.13
٦:٤٨:٣٥ م,10.93,0.25,680,10.89,0.26,0.32
٦:٤٨:٣٦ م,10.97,0.35,658,10.96,0.35,0.1
٦:٤٨:٣٧ م,10.97,0.39,674,10.95,0.4,0.19
٦:٤٨:٣٨ م,10.88,0.45,657,10.86,0.45,0.2
٦:٤٨:٣٩ م,11,0.48,673,11.04,0.47,0.3
٦:٤٨:٤٠ م,11.04,0.57,693,11.01,0.56,0.26
٦:٤٨:٤١ م,11,0.47,686,11.05,0.47,0.43
٦:٤٨:٤٢ م,10.99,0.53,681,10.99,0.53,0.03
٦:٤٨:٤٣ م,10.98,0.63,689,11.02,0.62,0.44
٦:٤٨:٤٤ م,10.91,0.57,690,10.89,0.58,0.18
٦:٤٨:٤٥ م,10.94,0.59,714,10.93,0.57,0.13
٦:٤٨:٤٦ م,11.07,0.58,691,11.07,0.59,0.01
٦:٤٨:٤٧ م,10.91,0.58,701,10.87,0.58,0.35
٦:٤٨:٤٨ م,10.87,0.66,696,10.88,0.65,0.1
٦:٤٨:٤٩ م,11.05,0.56,708,11.08,0.56,0.35
٦:٤٨:٥٠ م,11.17,0.62,716,11.13,0.6,0.32
٦:٤٨:٥١ م,11.17,0.6,719,11.2,0.58,0.28
٦:٤٨:٥٢ م,11.1,0.65,708,11.12,0.63,0.19
٦:٤٨:٥٣ م,11.04,0.7,731,11.03,0.72,0.07
٦:٤٨:٥٤ م,10.88,0.61,741,10.92,0.63,0.38
٦:٤٨:٥٥ م,11.04,0.59,737,11.08,0.59,0.33
٦:٤٨:٥٦ م,10.93,0.57,729,10.97,0.55,0.34
٦:٤٨:٥٧ م,10.77,0.65,747,10.78,0.67,0.14
٦:٤٨:٥٨ م,10.89,0.6,744,10.93,0.61,0.38
٦:٤٨:٥٩ م,10.72,0.51,762,10.71,0.5,0.14
٦:٤٩:٠٠ م,10.76,0.54,745,10.77,0.56,0.04
٦:٤٩:٠١ م,10.59,0.61,734,10.58,0.6,0.13
٦:٤٩:٠٢ م,10.77,0.66,747,10.72,0.67,0.45
٦:٤٩:٠٣ م,10.65,0.57,736,10.69,0.56,0.34
٦:٤٩:٠٤ م,10.6,0.59,738,10.59,0.61,0.02
٦:٤٩:٠٥ م,10.53,0.57,714,10.58,0.59,0.47
٦:٤٩:٠٦ م,10.64,0.52,717,10.68,0.52,0.38
٦:٤٩:٠٧ م,10.5,0.59,727,10.47,0.61,0.25
٦:٤٩:٠٨ م,10.46,0.56,715,10.41,0.58,0.46
٦:٤٩:٠٩ م,10.63,0.64,715,10.58,0.63,0.47
٦:٤٩:١٠ م,10.62,0.68,714,10.59,0.67,0.23
٦:٤٩:١١ م,10.54,0.77,728,10.51,0.75,0.33
٦:٤٩:١٢ م,10.69,0.73,741,10.72,0.7,0.24
٦:٤٩:١٣ م,10.62,0.66,726,10.64,0.69,0.17
٦:٤٩:١٤ م,10.68,0.73,727,10.69,0.71,0.08
٦:٤٩:١٥ م,10.73,0.74,704,10.74,0.76,0.09
٦:٤٩:١٦ م,10.58,0.82,699,10.54,0.81,0.4
٦:٤٩:١٧ م,10.71,0.88,715,10.66,0.87,0.45
٦:٤٩:١٨ م,10.86,0.79,701,10.87,0.78,0.08
٦:٤٩:١٩ م,11.04,0.89,714,10.99,0.88,0.43
٦:٤٩:٢٠ م,11.17,0.86,702,11.21,0.86,0.39
٦:٤٩:٢١ م,11.24,0.79,708,11.24,0.79,0.05
٦:٤٩:٢٢ م,11.23,0.72,687,11.19,0.74,0.39
٦:٤٩:٢٣ م,11.4,0.69,676,11.4,0.71,0.02
٦:٤٩:٢٤ م,11.21,0.69,676,11.18,0.68,0.35
٦:٤٩:٢٥ م,11.19,0.74,673,11.2,0.74,0.13
٦:٤٩:٢٦ م,11.11,0.75,665,11.1,0.77,0.04
٦:٤٩:٢٧ م,10.95,0.84,641,10.97,0.83,0.12
٦:٤٩:٢٨ م,10.88,0.84,637,10.84,0.83,0.43
٦:٤٩:٢٩ م,11.01,0.82,625,11.06,0.83,0.39
٦:٤٩:٣٠ م,10.98,0.78,609,10.98,0.78,0.05
٦:٤٩:٣١ م,11,0.79,625,10.97,0.8,0.28
٦:٤٩:٣٢ م,11.15,0.85,632,11.17,0.87,0.19
٦:٤٩:٣٣ م,11.1,0.95,644,11.06,0.95,0.35
٦:٤٩:٣٤ م,10.98,1.01,635,10.98,1.02,0.03
٦:٤٩:٣٥ م,11.11,0.92,619,11.13,0.93,0.17
٦:٤٩:٣٦ م,11,0.87,601,11,0.86,0.03
٦:٤٩:٣٧ م,10.96,0.84,579,10.95,0.86,0.09
٦:٤٩:٣٨ م,11.04,0.84,585,11.08,0.84,0.41
٦:٤٩:٣٩ م,11.17,0.76,564,11.13,0.77,0.37
٦:٤٩:٤٠ م,11.28,0.74,551,11.31,0.72,0.29
٦:٤٩:٤١ م,11.42,0.65,562,11.38,0.64,0.37
٦:٤٩:٤٢ م,11.3,0.66,555,11.32,0.68,0.15
٦:٤٩:٤٣ م,11.26,0.59,557,11.3,0.6,0.33
٦:٤٩:٤٤ م,11.06,0.62,554,11.07,0.63,0.1
٦:٤٩:٤٥ م,11.26,0.56,539,11.22,0.58,0.32
٦:٤٩:٤٦ م,11.24,0.65,518,11.23,0.64,0.11
٦:٤٩:٤٧ م,11.38,0.59,494,11.37,0.59,0.09
٦:٤٩:٤٨ م,11.26,0.57,499,11.26,0.55,0.02
٦:٤٩:٤٩ م,11.14,0.6,476,11.19,0.62,0.4
٦:٤٩:٥٠ م,11.01,0.61,490,11.03,0.64,0.19
٦:٤٩:٥١ م,11.05,0.65,502,11.03,0.66,0.14
٦:٤٩:٥٢ م,11.09,0.68,496,11.04,0.68,0.37
٦:٤٩:٥٣ م,11.02,0.76,473,10.98,0.74,0.33
٦:٤٩:٥٤ م,10.98,0.74,486,10.98,0.75,0.01
٦:٤٩:٥٥ م,11.08,0.73,500,11.11,0.75,0.25
٦:٤٩:٥٦ م,10.9,0.71,498,10.86,0.7,0.44
٦:٤٩:٥٧ م,10.89,0.75,475,10.93,0.74,0.32
٦:٤٩:٥٨ م,11.04,0.84,466,11,0.82,0.4
٦:٤٩:٥٩ م,11.14,0.75,444,11.1,0.77,0.36
٦:٥٠:٠٠ م,11.27,0.72,455,11.29,0.72,0.21
٦:٥٠:٠١ م,11.09,0.76,466,11.05,0.78,0.33
٦:٥٠:٠٣ م,11.08,0.84,468,11.05,0.84,0.29
٦:٥٠:٠٤ م,10.96,0.93,445,10.92,0.91,0.36
٦:٥٠:٠٥ م,10.96,0.94,422,11,0.94,0.4
٦:٥٠:٠٦ م,10.96,0.9,440,10.96,0.9,0.03
٦:٥٠:٠٧ م,10.8,0.9,419,10.82,0.9,0.16
٦:٥٠:٠٨ م,10.67,0.95,398,10.65,0.94,0.2
٦:٥٠:٠٩ م,10.58,0.86,382,10.57,0.87,0.11
٦:٥٠:١٠ م,10.64,0.87,395,10.62,0.86,0.27
٦:٥٠:١١ م,10.67,0.81,416,10.72,0.81,0.46
٦:٥٠:١٢ م,10.64,0.84,437,10.63,0.82,0.12
٦:٥٠:١٣ م,10.47,0.89,446,10.47,0.87,0.03
٦:٥٠:١٤ م,10.38,0.88,449,10.35,0.91,0.3
٦:٥٠:١٥ م,10.3,0.85,428,10.31,0.88,0.04
٦:٥٠:١٦ م,10.19,0.92,422,10.22,0.92,0.32
٦:٥٠:١٧ م,10.04,0.94,441,10.08,0.95,0.4
٦:٥٠:١٨ م,9.88,1.03,436,9.9,1.03,0.2
٦:٥٠:١٩ م,10,0.97,427,9.99,0.97,0.2
٦:٥٠:٢٠ م,9.9,0.88,433,9.86,0.86,0.32
٦:٥٠:٢١ م,9.95,0.91,442,9.91,0.92,0.41
٦:٥٠:٢٢ م,9.83,0.96,466,9.82,0.98,0.13
٦:٥٠:٢٣ م,9.91,1.03,470,9.94,1.03,0.31
٦:٥٠:٢٤ م,9.77,1,457,9.78,1,0.1
٦:٥٠:٢٥ م,9.59,0.98,476,9.6,1,0.15
٦:٥٠:٢٦ م,9.54,0.89,468,9.52,0.88,0.24
٦:٥٠:٢٧ م,9.71,0.91,486,9.7,0.91,0.11
٦:٥٠:٢٨ م,9.59,0.95,478,9.61,0.93,0.22
٦:٥٠:٢٩ م,9.52,0.96,501,9.49,0.94,0.33
٦:٥٠:٣٠ م,9.44,0.94,507,9.46,0.95,0.22
٦:٥٠:٣١ م,9.46,1.03,509,9.47,1.04,0.16
٦:٥٠:٣٢ م,9.56,1.04,496,9.57,1.04,0.19
٦:٥٠:٣٣ م,9.63,1.12,521,9.65,1.1,0.16
٦:٥٠:٣٤ م,9.59,1.07,507,9.6,1.05,0.06
٦:٥٠:٣٥ م,9.54,1.06,516,9.54,1.04,0.01
٦:٥٠:٣٦ م,9.69,1.14,509,9.67,1.13,0.26
٦:٥٠:٣٧ م,9.63,1.11,497,9.64,1.09,0.12
٦:٥٠:٣٨ م,9.52,1.01,512,9.48,0.99,0.44
٦:٥٠:٣٩ م,9.43,0.94,502,9.39,0.94,0.41
٦:٥٠:٤٠ م,9.58,0.85,508,9.53,0.87,0.51
٦:٥٠:٤١ م,9.53,0.85,502,9.57,0.87,0.44
٦:٥٠:٤٢ م,9.57,0.92,509,9.61,0.91,0.49
٦:٥٠:٤٣ م,9.66,0.91,509,9.62,0.89,0.46
٦:٥٠:٤٤ م,9.69,0.95,513,9.67,0.96,0.22
٦:٥٠:٤٥ م,9.8,0.94,530,9.81,0.94,0.06
٦:٥٣:٣٨ م,9.63,0.89,526,9.67,0.88,0.38
٦:٥٣:٣٩ م,9.63,0.98,505,9.58,0.99,0.5
٦:٥٣:٤٠ م,9.56,0.99,491,9.57,1.01,0.01
٦:٥٣:٤١ م,9.65,0.98,495,9.62,1,0.35
٦:٥٣:٤٢ م,9.81,1.02,494,9.85,1.03,0.33
٦:٥٣:٤٣ م,9.87,1.08,515,9.83,1.08,0.41
٦:٥٣:٤٤ م,9.76,1.17,491,9.78,1.19,0.13
٦:٥٣:٤٥ م,9.58,1.1,513,9.61,1.1,0.3
٦:٥٣:٤٦ م,9.76,1.15,525,9.71,1.14,0.49
٦:٥٣:٤٧ م,9.8,1.25,520,9.83,1.27,0.29
٦:٥٣:٤٨ م,9.78,1.32,515,9.78,1.32,0.01
٦:٥٣:٤٩ م,9.76,1.29,517,9.76,1.27,0.01
٦:٥٣:٥٠ م,9.66,1.25,502,9.61,1.24,0.5
٦:٥٣:٥١ م,9.86,1.16,507,9.84,1.18,0.18
٦:٥٣:٥٢ م,10.01,1.07,488,10.04,1.07,0.24
٦:٥٣:٥٣ م,10.17,1.13,484,10.16,1.16,0.12
٦:٥٣:٥٤ م,10.1,1.14,482,10.13,1.14,0.28
٦:٥٣:٥٥ م,10.13,1.05,493,10.12,1.03,0.11
٦:٥٣:٥٦ م,10.32,1,507,10.28,1.01,0.41
٦:٥٣:٥٧ م,10.38,1.07,490,10.35,1.06,0.25
٦:٥٣:٥٨ م,10.56,0.98,480,10.51,0.99,0.47
٦:٥٣:٥٩ م,10.53,0.9,474,10.54,0.9,0.11
٦:٥٤:٠٠ م,10.52,0.83,480,10.49,0.81,0.26
٦:٥٤:٠١ م,10.33,0.85,484,10.36,0.83,0.27
٦:٥٤:٠٢ م,10.39,0.9,495,10.44,0.89,0.44
٦:٥٤:٠٣ م,10.52,0.88,501,10.5,0.88,0.25
٦:٥٤:٠٤ م,10.6,0.81,517,10.59,0.81,0.17
٦:٥٤:٠٥ م,10.54,0.87,514,10.53,0.85,0.02
٦:٥٤:٠٦ م,10.52,0.92,497,10.52,0.92,0.02
٦:٥٤:٠٧ م,10.43,0.96,517,10.44,0.98,0.07
٦:٥٤:٠٨ م,10.56,1,523,10.52,0.99,0.36
٦:٥٤:٠٩ م,10.4,0.99,548,10.44,1.01,0.34
٦:٥٤:١٠ م,10.38,0.91,565,10.36,0.93,0.12
٦:٥٤:١١ م,10.58,0.83,553,10.59,0.85,0.09
٦:٥٤:١٢ م,10.55,0.8,538,10.57,0.82,0.14
٦:٥٤:١٣ م,10.56,0.78,557,10.57,0.75,0.11
٦:٥٤:١٤ م,10.38,0.74,559,10.36,0.72,0.22
٦:٥٤:١٥ م,10.32,0.65,568,10.33,0.68,0.07
٦:٥٤:١٦ م,10.27,0.63,558,10.32,0.61,0.45
٦:٥٤:١٧ م,10.12,0.7,565,10.09,0.69,0.32
٦:٥٤:١٨ م,10.15,0.76,590,10.18,0.75,0.31
٦:٥٤:١٩ م,10.27,0.79,581,10.24,0.81,0.3
٦:٥٤:٢٠ م,10.23,0.8,593,10.25,0.83,0.23
٦:٥٤:٢١ م,10.11,0.71,572,10.09,0.7,0.24
٦:٥٤:٢٢ م,10.08,0.74,581,10.05,0.76,0.21
٦:٥٤:٢٣ م,9.95,0.73,561,10,0.75,0.5
٦:٥٤:٢٤ م,10.05,0.82,540,10.1,0.82,0.48
٦:٥٤:٢٥ م,10.09,0.78,557,10.13,0.79,0.4
٦:٥٤:٢٦ م,10.09,0.8,540,10.04,0.81,0.47
٦:٥٤:٢٧ م,10.06,0.81,517,10.05,0.81,0.06
٦:٥٤:٢٨ م,10.1,0.88,503,10.06,0.87,0.33
٦:٥٤:٢٩ م,9.97,0.91,519,9.97,0.93,0.01
٦:٥٤:٣٠ م,9.86,0.96,541,9.89,0.95,0.34
٦:٥٤:٣١ م,9.88,0.91,543,9.84,0.93,0.39
٦:٥٤:٣٢ م,9.91,0.96,525,9.95,0.97,0.37
٦:٥٤:٣٣ م,9.83,0.94,519,9.86,0.95,0.25
٦:٥٤:٣٤ م,9.96,0.95,499,10,0.93,0.39
٦:٥٤:٣٥ م,9.88,0.88,512,9.86,0.87,0.24
٦:٥٤:٣٦ م,10.02,0.91,509,10.01,0.89,0.1
٦:٥٤:٣٧ م,10.2,0.88,528,10.21,0.86,0.06
٦:٥٤:٣٨ م,10.31,0.8,534,10.29,0.79,0.2
٦:٥٤:٣٩ م,10.16,0.71,551,10.16,0.73,0.06
٦:٥٤:٤٠ م,10.17,0.65,541,10.17,0.65,0.06
٦:٥٤:٤١ م,10.27,0.61,521,10.26,0.59,0.08
٦:٥٤:٤٢ م,10.07,0.69,523,10.04,0.7,0.38
٦:٥٤:٤٣ م,10.14,0.62,545,10.13,0.63,0.01
٦:٥٤:٤٤ م,10.08,0.67,530,10.1,0.69,0.23
٦:٥٤:٤٥ م,9.99,0.61,515,10,0.62,0.09
٦:٥٤:٤٦ م,9.96,0.59,531,9.91,0.59,0.5
٦:٥٤:٤٧ م,9.9,0.58,548,9.91,0.57,0.08
٦:٥٤:٤٨ م,9.89,0.62,560,9.92,0.62,0.25
٦:٥٤:٤٩ م,9.73,0.53,552,9.69,0.53,0.51
٦:٥٤:٥٠ م,9.59,0.5,570,9.55,0.48,0.44
٦:٥٤:٥١ م,9.66,0.4,566,9.62,0.4,0.4
٦:٥٤:٥٢ م,9.74,0.44,574,9.71,0.46,0.26
٦:٥٤:٥٣ م,9.88,0.52,574,9.84,0.51,0.48
٦:٥٤:٥٤ م,9.84,0.58,563,9.88,0.56,0.33
٦:٥٤:٥٥ م,9.86,0.62,545,9.83,0.61,0.36
٦:٥٤:٥٦ م,9.92,0.57,543,9.9,0.55,0.16
٦:٥٤:٥٧ م,9.99,0.66,519,9.94,0.64,0.45
٦:٥٤:٥٩ م,10.07,0.58,508,10.11,0.58,0.37
٦:٥٥:٠٠ م,10.11,0.52,525,10.07,0.51,0.41
٦:٥٥:٠١ م,10.07,0.57,504,10.05,0.55,0.15
٦:٥٥:٠٢ م,10.26,0.56,498,10.27,0.57,0.08
٦:٥٥:٠٣ م,10.23,0.59,498,10.26,0.61,0.3
٦:٥٥:٠٤ م,10.09,0.6,515,10.04,0.62,0.49
٦:٥٥:٠٥ م,9.92,0.52,515,9.97,0.53,0.45
٦:٥٥:٠٦ م,10.02,0.52,497,10.06,0.51,0.48
٦:٥٥:٠٧ م,10.1,0.6,483,10.08,0.6,0.14
٦:٥٥:٠٨ م,10.12,0.62,490,10.12,0.6,0.03
٦:٥٥:٠٩ م,10.26,0.69,514,10.29,0.7,0.3
٦:٥٥:١٠ م,10.36,0.74,494,10.36,0.72,0.01
٦:٥٥:١١ م,10.55,0.81,516,10.58,0.8,0.27
٦:٥٥:١٢ م,10.39,0.75,516,10.38,0.76,0.09
٦:٥٥:١٣ م,10.37,0.73,530,10.35,0.71,0.21
٦:٥٥:١٤ م,10.4,0.64,513,10.39,0.62,0.11
٦:٥٥:١٥ م,10.56,0.68,512,10.53,0.67,0.26
٦:٥٥:١٦ م,10.71,0.72,515,10.72,0.71,0.08
٦:٥٥:١٧ م,10.52,0.75,535,10.55,0.76,0.27
٦:٥٥:١٨ م,10.35,0.85,542,10.38,0.84,0.3
٦:٥٥:١٩ م,10.31,0.94,546,10.33,0.92,0.27
٦:٥٥:٢٠ م,10.48,0.91,545,10.53,0.92,0.47
٦:٥٥:٢١ م,10.35,0.94,523,10.36,0.94,0.02
٦:٥٥:٢٢ م,10.5,0.92,532,10.46,0.92,0.35
٦:٥٥:٢٣ م,10.42,0.85,525,10.41,0.83,0.06
٦:٥٥:٢٤ م,10.46,0.84,550,10.46,0.83,0.01
٦:٥٥:٢٥ م,10.6,0.91,539,10.58,0.93,0.27
٦:٥٥:٢٦ م,10.53,0.96,523,10.58,0.95,0.45
٦:٥٥:٢٧ م,10.41,0.95,533,10.46,0.95,0.48
٦:٥٥:٢٨ م,10.29,0.95,548,10.27,0.97,0.16
٦:٥٥:٢٩ م,10.32,1.01,535,10.32,1,0.01
٦:٥٥:٣٠ م,10.18,1.02,545,10.21,1.02,0.34
٦:٥٥:٣١ م,10.09,1.06,558,10.08,1.06,0.03
٦:٥٥:٣٢ م,10.07,1.11,571,10.03,1.13,0.4
٦:٥٥:٣٣ م,10.14,1.08,569,10.17,1.09,0.27
٦:٥٥:٣٤ م,10.34,1.09,586,10.38,1.07,0.37
٦:٥٥:٣٥ م,10.53,1.11,593,10.52,1.13,0.08
٦:٥٥:٣٦ م,10.42,1.2,580,10.45,1.23,0.35
٦:٥٥:٣٧ م,10.35,1.12,604,10.3,1.12,0.48
٦:٥٥:٣٨ م,10.23,1.12,629,10.23,1.12,0.01
٦:٥٥:٣٩ م,10.14,1.06,642,10.16,1.05,0.23
٦:٥٥:٤٠ م,10.08,1.01,641,10.11,1.03,0.26
٦:٥٥:٤١ م,9.93,1.1,619,9.92,1.08,0.06
٦:٥٥:٤٢ م,10.11,1.12,641,10.07,1.13,0.37
٦:٥٥:٤٣ م,10.24,1.19,624,10.27,1.19,0.33
٦:٥٥:٤٤ م,10.1,1.29,616,10.1,1.29,0.02
٦:٥٥:٤٥ م,10.06,1.36,606,10.06,1.38,0.06
٦:٥٥:٤٦ م,10.02,1.42,597,10.06,1.43,0.48
٦:٥٥:٤٧ م,9.98,1.51,586,9.95,1.49,0.28
٦:٥٥:٤٨ م,9.93,1.5,609,9.9,1.49,0.32
٦:٥٥:٤٩ م,9.79,1.45,633,9.77,1.43,0.25
٦:٥٥:٥٠ م,9.88,1.48,641,9.91,1.46,0.24
٦:٥٥:٥١ م,10.02,1.46,648,9.99,1.44,0.29
٦:٥٥:٥٢ م,9.94,1.42,653,9.97,1.42,0.28
٦:٥٥:٥٣ م,9.99,1.43,647,10.02,1.44,0.3
٦:٥٥:٥٤ م,10.19,1.34,652,10.19,1.35,0.05
٦:٥٥:٥٥ م,10.03,1.24,646,10.06,1.22,0.31
٦:٥٥:٥٦ م,10.18,1.26,644,10.16,1.24,0.21
٦:٥٥:٥٧ م,10.38,1.18,659,10.34,1.17,0.35
٦:٥٥:٥٨ م,10.55,1.13,642,10.54,1.12,0.08
٦:٥٥:٥٩ م,10.35,1.2,649,10.31,1.21,0.43
٦:٥٦:٠٠ م,10.24,1.29,667,10.22,1.31,0.27
٦:٥٦:٠١ م,10.06,1.35,665,10.04,1.35,0.19
٦:٥٦:٠٢ م,10.12,1.32,673,10.17,1.33,0.46
٦:٥٦:٠٣ م,10.03,1.24,687,9.99,1.23,0.46
٦:٥٦:٠٤ م,10.09,1.2,683,10.08,1.18,0.12
٦:٥٦:٠٥ م,10.02,1.23,677,9.97,1.25,0.46
٦:٥٦:٠٦ م,10.04,1.23,692,10.07,1.25,0.27
٦:٥٦:٠٧ م,9.89,1.2,691,9.9,1.22,0.11
٦:٥٦:٠٨ م,10.01,1.25,696,9.97,1.28,0.4
٦:٥٦:٠٩ م,9.94,1.25,680,9.98,1.23,0.36
٦:٥٦:١٠ م,9.78,1.2,697,9.79,1.22,0.1
٦:٥٦:١١ م,9.94,1.19,684,9.95,1.2,0.14
٦:٥٦:١٢ م,10,1.21,664,10.04,1.19,0.46
٦:٥٦:١٣ م,10.16,1.18,666,10.13,1.2,0.27
٦:٥٦:١٤ م,10.17,1.22,683,10.15,1.2,0.25
٦:٥٦:١٥ م,10.13,1.21,688,10.09,1.23,0.44
٦:٥٦:١٦ م,10.23,1.13,669,10.26,1.12,0.33
٦:٥٦:١٧ م,10.14,1.2,667,10.1,1.19,0.36
٦:٥٦:١٨ م,10.19,1.22,649,10.22,1.23,0.31
٦:٥٦:١٩ م,10.08,1.21,637,10.07,1.23,0.13
٦:٥٦:٢٠ م,10.11,1.13,659,10.14,1.11,0.24
٦:٥٦:٢١ م,9.95,1.09,636,9.93,1.1,0.23
٦:٥٦:٢٢ م,10.11,1.05,613,10.13,1.05,0.17
٦:٥٦:٢٣ م,10.21,1.04,594,10.23,1.02,0.23
٦:٥٦:٢٤ م,10.16,1.1,605,10.17,1.1,0.09
٦:٥٦:٢٥ م,10.15,1.15,626,10.16,1.16,0.13
٦:٥٦:٢٦ م,10.21,1.19,648,10.21,1.19,0.02
٦:٥٦:٢٧ م,10.16,1.13,635,10.14,1.11,0.18
٦:٥٦:٢٨ م,10.33,1.16,641,10.34,1.15,0.09
٦:٥٦:٢٩ م,10.52,1.16,634,10.56,1.16,0.29
٦:٥٦:٣٠ م,10.68,1.12,612,10.72,1.1,0.37
٦:٥٦:٣١ م,10.59,1.12,619,10.61,1.13,0.17
٦:٥٦:٣٢ م,10.54,1.07,594,10.52,1.08,0.15
٦:٥٦:٣٣ م,10.4,1.11,575,10.38,1.11,0.21
٦:٥٦:٣٤ م,10.37,1.03,576,10.37,1.03,0.03
٦:٥٦:٣٦ م,10.32,1.02,572,10.29,1.03,0.24
٦:٥٦:٣٧ م,10.27,1.11,567,10.3,1.13,0.2
٦:٥٦:٣٨ م,10.27,1.13,577,10.32,1.11,0.42
٦:٥٦:٣٩ م,10.14,1.2,567,10.16,1.21,0.15
٦:٥٦:٤٠ م,10.23,1.13,550,10.23,1.11,0.01
٦:٥٦:٤١ م,10.15,1.13,568,10.19,1.15,0.36
٦:٥٦:٤٢ م,10.3,1.14,557,10.29,1.16,0.1
٦:٥٦:٤٣ م,10.33,1.07,552,10.31,1.09,0.14
٦:٥٦:٤٤ م,10.28,0.99,547,10.25,0.99,0.28
٦:٥٦:٤٥ م,10.34,0.89,536,10.38,0.91,0.3
٦:٥٦:٤٦ م,10.27,0.86,539,10.26,0.87,0.09
٦:٥٦:٤٧ م,10.37,0.9,544,10.4,0.92,0.22
٦:٥٦:٤٨ م,10.5,0.97,549,10.47,0.98,0.3
٦:٥٦:٤٩ م,10.63,0.88,532,10.62,0.86,0.08
٦:٥٦:٥٠ م,10.81,0.84,529,10.78,0.84,0.26
٦:٥٦:٥١ م,10.86,0.76,538,10.83,0.75,0.29
٦:٥٦:٥٢ م,10.77,0.73,517,10.79,0.76,0.12
٦:٥٦:٥٣ م,10.9,0.79,519,10.86,0.81,0.36
٦:٥٦:٥٤ م,11.02,0.7,534,10.98,0.71,0.36
٦:٥٦:٥٥ م,10.97,0.72,536,10.99,0.71,0.15
٦:٥٦:٥٦ م,10.78,0.72,535,10.74,0.72,0.38
٦:٥٦:٥٧ م,10.72,0.66,539,10.73,0.64,0.12
٦:٥٦:٥٨ م,10.61,0.7,529,10.62,0.69,0.14
٦:٥٦:٥٩ م,10.8,0.79,538,10.83,0.77,0.27
٦:٥٧:٠٠ م,10.88,0.75,524,10.89,0.75,0.13
٦:٥٧:٠١ م,10.72,0.74,501,10.74,0.76,0.19
٦:٥٧:٠٢ م,10.87,0.78,502,10.88,0.77,0.04
٦:٥٧:٠٣ م,10.93,0.82,507,10.9,0.81,0.22
٦:٥٧:٠٤ م,11.13,0.79,525,11.16,0.81,0.29
٦:٥٧:٠٥ م,11.26,0.83,544,11.27,0.85,0.05
٦:٥٧:٠٦ م,11.06,0.76,556,11.06,0.76,0.02
٦:٥٧:٠٧ م,11.2,0.74,549,11.18,0.75,0.17
٦:٥٧:٠٨ م,11.39,0.77,548,11.35,0.77,0.4
٦:٥٧:٠٩ م,11.55,0.83,569,11.55,0.81,0
٦:٥٧:١٠ م,11.58,0.75,562,11.53,0.75,0.4
٦:٥٧:١١ م,11.76,0.71,580,11.79,0.69,0.32
٦:٥٧:١٢ م,11.58,0.7,567,11.56,0.68,0.14
٦:٥٧:١٣ م,11.57,0.68,560,11.53,0.67,0.37
٦:٥٧:١٤ م,11.49,0.77,560,11.54,0.76,0.43
٦:٥٧:١٥ م,11.59,0.75,578,11.6,0.77,0.03
٦:٥٧:١٦ م,11.47,0.75,562,11.51,0.74,0.32
٦:٥٧:١٧ م,11.57,0.8,556,11.6,0.79,0.27
٦:٥٧:١٨ م,11.52,0.86,569,11.52,0.83,0.05
٦:٥٧:١٩ م,11.63,0.9,566,11.63,0.9,0.02
٦:٥٧:٢٠ م,11.48,0.86,575,11.51,0.85,0.32
٦:٥٧:٢١ م,11.3,0.82,555,11.35,0.84,0.42
٦:٥٧:٢٢ م,11.17,0.81,548,11.14,0.8,0.27
٦:٥٧:٢٣ م,11.14,0.87,559,11.09,0.89,0.4
٦:٥٧:٢٤ م,10.94,0.92,557,10.94,0.93,0.03
٦:٥٧:٢٥ م,10.91,0.91,535,10.95,0.89,0.4
٦:٥٧:٢٦ م,10.83,0.92,549,10.78,0.92,0.38
٦:٥٧:٢٧ م,10.99,0.99,527,11,0.97,0.08
٦:٥٧:٢٨ م,11.01,1.05,530,11.02,1.03,0.11
٦:٥٧:٢٩ م,11.03,1.08,535,11.03,1.1,0.01
٦:٥٧:٣٠ م,11.22,1.11,520,11.2,1.09,0.15
٦:٥٧:٣١ م,11.17,1.18,537,11.18,1.18,0.16
٦:٥٧:٣٢ م,11.3,1.16,540,11.33,1.17,0.21
٦:٥٧:٣٣ م,11.37,1.06,521,11.32,1.06,0.43
٦:٥٧:٣٤ م,11.51,1.1,532,11.49,1.1,0.19
٦:٥٧:٣٥ م,11.37,1.01,528,11.33,1.02,0.4
٦:٥٧:٣٦ م,11.27,0.94,545,11.26,0.95,0.06
٦:٥٧:٣٧ م,11.23,0.92,569,11.2,0.92,0.34
٦:٥٧:٣٨ م,11.41,0.86,572,11.43,0.85,0.19
٦:٥٧:٣٩ م,11.43,0.94,566,11.47,0.92,0.32
٦:٥٧:٤٠ م,11.34,0.95,556,11.39,0.94,0.38
٦:٥٧:٤١ م,11.47,0.94,532,11.45,0.94,0.19
٦:٥٧:٤٢ م,11.42,0.93,552,11.43,0.93,0.11
٦:٥٧:٤٣ م,11.52,0.93,560,11.5,0.92,0.17
٦:٥٧:٤٤ م,11.68,1,559,11.68,0.98,0.03
٦:٥٧:٤٥ م,11.8,0.95,543,11.83,0.96,0.24
٦:٥٧:٤٦ م,11.89,1.02,535,11.93,1.03,0.35
٦:٥٧:٤٧ م,11.93,1.08,549,11.96,1.1,0.22
٦:٥٧:٤٨ م,12.01,1.03,531,12.01,1.04,0.01
٦:٥٧:٤٩ م,11.97,1.07,527,11.98,1.06,0.08
٦:٥٧:٥٠ م,12.08,1.08,539,12.13,1.09,0.4
٦:٥٧:٥١ م,12.26,0.98,543,12.29,0.98,0.25
٦:٥٧:٥٢ م,12.29,0.94,549,12.27,0.93,0.13
٦:٥٧:٥٣ م,12.19,0.96,529,12.16,0.97,0.21
٦:٥٧:٥٤ م,12.05,0.87,517,12.08,0.88,0.24
٦:٥٧:٥٥ م,11.92,0.79,528,11.91,0.8,0.08
٦:٥٧:٥٦ م,11.84,0.82,523,11.85,0.83,0.05
٦:٥٧:٥٧ م,11.95,0.8,547,11.93,0.79,0.2
٦:٥٧:٥٨ م,11.79,0.85,552,11.78,0.85,0.12
٦:٥٧:٥٩ م,11.79,0.88,549,11.76,0.86,0.25
٦:٥٨:٠٠ م,11.94,0.9,574,11.92,0.89,0.17
٦:٥٨:٠١ م,12.12,0.98,580,12.09,0.98,0.29
٦:٥٨:٠٢ م,12.04,0.91,600,12.02,0.92,0.14
٦:٥٨:٠٣ م,12.14,0.97,585,12.14,0.96,0.01
٦:٥٨:٠٤ م,12.34,1,584,12.37,1.03,0.29
٦:٥٨:٠٥ م,12.29,1.06,595,12.24,1.04,0.39
٦:٥٨:٠٦ م,12.19,0.96,597,12.18,0.94,0.06
٦:٥٨:٠٧ م,12.17,1.04,608,12.14,1.01,0.27
٦:٥٨:٠٩ م,12.01,1.01,621,11.97,1.01,0.34
٦:٥٨:١٠ م,12.14,0.91,605,12.1,0.93,0.33
٦:٥٨:١١ م,12.33,0.98,599,12.29,0.97,0.34
٦:٥٨:١٢ م,12.46,0.98,584,12.48,0.98,0.15
٦:٥٨:١٣ م,12.56,1.03,574,12.53,1.04,0.2
٦:٥٨:١٤ م,12.37,0.93,582,12.42,0.95,0.37
٦:٥٨:١٥ م,12.39,0.89,593,12.42,0.87,0.25
٦:٥٨:١٦ م,12.35,0.8,578,12.34,0.79,0.1
٦:٥٨:١٧ م,12.35,0.86,561,12.36,0.88,0.08
٦:٥٨:١٨ م,12.31,0.84,566,12.27,0.84,0.3
٦:٥٨:١٩ م,12.25,0.9,589,12.21,0.88,0.28
٦:٥٨:٢٠ م,12.22,0.84,596,12.2,0.85,0.19
٦:٥٨:٢١ م,12.04,0.94,619,12.08,0.94,0.36
٦:٥٨:٢٢ م,11.97,0.86,595,11.99,0.88,0.13
٦:٥٨:٢٣ م,11.88,0.93,584,11.89,0.93,0.05
٦:٥٨:٢٤ م,11.72,0.9,580,11.74,0.92,0.21
٦:٥٨:٢٥ م,11.86,0.86,583,11.9,0.88,0.34
٦:٥٨:٢٦ م,11.68,0.76,583,11.64,0.76,0.34
٦:٥٨:٢٧ م,11.6,0.81,564,11.59,0.82,0.07
٦:٥٨:٢٨ م,11.73,0.76,569,11.74,0.74,0.16
٦:٥٨:٢٩ م,11.88,0.85,547,11.9,0.83,0.19
٦:٥٨:٣٠ م,12.05,0.79,552,12.04,0.81,0.06
٦:٥٨:٣١ م,12.08,0.86,545,12.07,0.86,0.12
٦:٥٨:٣٢ م,12.23,0.85,537,12.22,0.83,0.01
٦:٥٨:٣٣ م,12.11,0.92,561,12.1,0.92,0.1
٦:٥٨:٣٤ م,12.29,0.95,554,12.3,0.97,0.06
٦:٥٨:٣٥ م,12.22,0.94,571,12.22,0.95,0.08
٦:٥٨:٣٦ م,12.41,0.97,548,12.42,0.96,0.08
٦:٥٨:٣٧ م,12.31,1.01,561,12.32,0.99,0.06
٦:٥٨:٣٨ م,12.34,0.98,561,12.34,0.98,0
٦:٥٨:٣٩ م,12.28,0.96,584,12.24,0.95,0.31
٦:٥٨:٤٠ م,12.08,0.96,602,12.09,0.94,0.09
٦:٥٨:٤١ م,12.11,0.98,596,12.09,0.99,0.17
٦:٥٨:٤٢ م,12.09,0.94,596,12.13,0.96,0.36
٦:٥٨:٤٣ م,12.07,0.9,609,12.04,0.9,0.22
٦:٥٨:٤٤ م,12.01,0.85,594,12.01,0.83,0.06
٦:٥٨:٤٥ م,12.13,0.83,598,12.17,0.85,0.3
٦:٥٨:٤٦ م,12.33,0.73,590,12.34,0.73,0.14
٦:٥٨:٤٧ م,12.4,0.74,601,12.39,0.75,0.06
٦:٥٨:٤٨ م,12.38,0.67,592,12.35,0.65,0.28
٦:٥٨:٤٩ م,12.4,0.72,584,12.42,0.71,0.22
٦:٥٨:٥٠ م,12.5,0.79,582,12.51,0.77,0.11
٦:٥٨:٥١ م,12.43,0.86,588,12.46,0.84,0.26
٦:٥٨:٥٢ م,12.35,0.94,603,12.39,0.95,0.28
٦:٥٨:٥٣ م,12.22,1.02,581,12.2,1.04,0.18
٦:٥٨:٥٤ م,12.26,1.08,603,12.27,1.06,0.08
٦:٥٨:٥٥ م,12.28,1.15,603,12.33,1.18,0.35
٦:٥٨:٥٦ م,12.33,1.23,593,12.3,1.25,0.27
٦:٥٨:٥٧ م,12.22,1.33,572,12.19,1.34,0.22
٦:٥٨:٥٨ م,12.33,1.4,590,12.34,1.39,0.06
٦:٥٨:٥٩ م,12.33,1.37,604,12.34,1.39,0.02
٦:٥٩:٠٠ م,12.34,1.36,602,12.38,1.35,0.27
٦:٥٩:٠١ م,12.41,1.29,582,12.38,1.3,0.31
٦:٥٩:٠٢ م,12.37,1.2,600,12.37,1.18,0.01
٦:٥٩:٠٣ م,12.47,1.18,602,12.46,1.18,0.1
٦:٥٩:٠٤ م,12.35,1.22,622,12.35,1.21,0.02
٦:٥٩:٠٥ م,12.31,1.24,618,12.36,1.22,0.36
٦:٥٩:٠٦ م,12.36,1.24,618,12.32,1.25,0.35
٦:٥٩:٠٧ م,12.43,1.23,595,12.42,1.2,0.08
٦:٥٩:٠٨ م,12.47,1.2,613,12.51,1.19,0.31
٦:٥٩:٠٩ م,12.29,1.22,616,12.27,1.2,0.16
٦:٥٩:١٠ م,12.12,1.16,592,12.16,1.16,0.34
٦:٥٩:١١ م,11.95,1.21,591,11.95,1.2,0.04
٦:٥٩:١٢ م,12.02,1.24,569,12.01,1.24,0.03
٦:٥٩:١٣ م,11.86,1.26,587,11.85,1.26,0.11
٦:٥٩:١٤ م,11.93,1.2,595,11.93,1.2,0.05
٦:٥٩:١٥ م,12.08,1.23,591,12.13,1.23,0.4
٦:٥٩:١٦ م,12.22,1.26,570,12.18,1.25,0.29
٦:٥٩:١٧ م,12.03,1.27,566,12.04,1.25,0.07
٦:٥٩:١٨ م,12.22,1.25,552,12.25,1.24,0.26
٦:٥٩:١٩ م,12.32,1.19,537,12.32,1.17,0.03
٦:٥٩:٢٠ م,12.3,1.17,534,12.31,1.19,0.02
٦:٥٩:٢١ م,12.49,1.08,530,12.5,1.08,0.07
٦:٥٩:٢٢ م,12.36,1.08,515,12.38,1.07,0.16
٦:٥٩:٢٣ م,12.41,1.14,531,12.42,1.12,0.08
٦:٥٩:٢٤ م,12.45,1.21,547,12.43,1.21,0.1
٦:٥٩:٢٥ م,12.39,1.22,523,12.36,1.24,0.24
٦:٥٩:٢٦ م,12.49,1.14,525,12.49,1.12,0.06
٦:٥٩:٢٧ م,12.44,1.16,507,12.39,1.18,0.37
٦:٥٩:٢٨ م,12.27,1.23,511,12.25,1.25,0.18
٦:٥٩:٢٩ م,12.36,1.28,487,12.33,1.3,0.23
٦:٥٩:٣٠ م,12.41,1.21,495,12.45,1.23,0.34
٦:٥٩:٣١ م,12.24,1.31,471,12.28,1.33,0.3
٦:٥٩:٣٢ م,12.38,1.22,457,12.34,1.23,0.36
٦:٥٩:٣٣ م,12.57,1.26,481,12.59,1.24,0.14
٦:٥٩:٣٤ م,12.62,1.2,483,12.59,1.21,0.29
٦:٥٩:٣٥ م,12.64,1.18,488,12.61,1.19,0.3
٦:٥٩:٣٦ م,12.68,1.21,482,12.69,1.21,0.07
٦:٥٩:٣٧ م,12.51,1.27,486,12.53,1.26,0.17
٦:٥٩:٣٨ م,12.54,1.35,480,12.56,1.32,0.16
٦:٥٩:٣٩ م,12.55,1.33,490,12.55,1.34,0
٦:٥٩:٤٠ م,12.69,1.34,497,12.74,1.33,0.39
٦:٥٩:٤١ م,12.71,1.27,496,12.69,1.26,0.13
٦:٥٩:٤٢ م,12.73,1.3,507,12.7,1.31,0.26
٦:٥٩:٤٣ م,12.54,1.28,504,12.54,1.3,0
٦:٥٩:٤٤ م,12.48,1.35,490,12.53,1.34,0.34
٦:٥٩:٤٥ م,12.54,1.43,469,12.58,1.43,0.33
٦:٥٩:٤٦ م,12.36,1.53,469,12.36,1.55,0.04
٦:٥٩:٤٧ م,12.21,1.53,452,12.22,1.51,0.1
٦:٥٩:٤٨ م,12.22,1.54,444,12.21,1.56,0.07
٦:٥٩:٤٩ م,12.2,1.46,427,12.24,1.43,0.33
٦:٥٩:٥٠ م,12.13,1.53,406,12.17,1.55,0.35
٦:٥٩:٥١ م,12.16,1.51,421,12.15,1.51,0.13
٦:٥٩:٥٢ م,12.04,1.48,442,12.03,1.46,0.1
٦:٥٩:٥٣ م,11.89,1.48,434,11.87,1.47,0.18
٦:٥٩:٥٤ م,12.08,1.51,412,12.05,1.52,0.22
٦:٥٩:٥٥ م,12.21,1.57,388,12.2,1.55,0.15
٦:٥٩:٥٦ م,12.09,1.52,370,12.05,1.51,0.3
٦:٥٩:٥٨ م,12.15,1.61,347,12.18,1.59,0.28
٦:٥٩:٥٩ م,12.17,1.55,346,12.15,1.56,0.12
٧:٠٠:٠٠ م,12.23,1.64,339,12.2,1.63,0.3
٧:٠٠:٠١ م,12.22,1.6,351,12.21,1.58,0.08
٧:٠٠:٠٢ م,12.4,1.68,348,12.38,1.67,0.16
٧:٠٠:٠٣ م,12.3,1.71,364,12.34,1.72,0.31
٧:٠٠:٠٤ م,12.16,1.61,350,12.11,1.59,0.38
٧:٠٠:٠٥ م,12.19,1.57,332,12.18,1.59,0.06
٧:٠٠:٠٦ م,12.36,1.67,329,12.37,1.65,0.05
٧:٠٠:٠٧ م,12.38,1.67,345,12.36,1.68,0.18
٧:٠٠:٠٨ م,12.49,1.77,360,12.53,1.79,0.31
٧:٠٠:٠٩ م,12.63,1.81,365,12.68,1.8,0.38
٧:٠٠:١٠ م,12.73,1.75,383,12.73,1.76,0.04
٧:٠٠:١١ م,12.79,1.69,407,12.84,1.68,0.33
٧:٠٠:١٢ م,12.91,1.72,404,12.89,1.71,0.12
٧:٠٠:١٣ م,12.75,1.66,387,12.79,1.65,0.29
٧:٠٠:١٤ م,12.66,1.73,389,12.64,1.75,0.2
٧:٠٠:١٥ م,12.65,1.64,373,12.69,1.63,0.28
٧:٠٠:١٦ م,12.48,1.62,367,12.49,1.61,0.03
٧:٠٠:١٧ م,12.44,1.65,352,12.4,1.67,0.33
٧:٠٠:١٨ م,12.34,1.59,343,12.35,1.58,0.02
٧:٠٠:١٩ م,12.49,1.65,357,12.52,1.63,0.2
٧:٠٠:٢٠ م,12.62,1.73,334,12.63,1.76,0.04
٧:٠٠:٢١ م,12.67,1.74,356,12.69,1.74,0.16
٧:٠٠:٢٢ م,12.75,1.83,349,12.76,1.83,0.03
٧:٠٠:٢٣ م,12.93,1.84,339,12.92,1.84,0.07
٧:٠٠:٢٤ م,12.99,1.83,320,12.98,1.82,0.06
٧:٠٠:٢٥ م,12.95,1.86,314,13,1.86,0.36
٧:٠٠:٢٦ م,13.02,1.9,322,13.06,1.88,0.3
٧:٠٠:٢٧ م,12.98,1.87,317,13.01,1.88,0.18
٧:٠٠:٢٨ م,13.18,1.88,314,13.2,1.89,0.1
٧:٠٠:٢٩ م,13.14,1.87,306,13.18,1.89,0.29
٧:٠٠:٣٠ م,13.01,1.92,326,13.04,1.91,0.25
٧:٠٠:٣١ م,13.09,1.9,317,13.1,1.88,0.09
٧:٠٠:٣٢ م,13.07,1.95,328,13.08,1.95,0.07
٧:٠٠:٣٣ م,13.04,1.98,333,13.05,1.98,0.06
٧:٠٠:٣٤ م,13.12,2.02,338,13.15,2.01,0.23
٧:٠٠:٣٥ م,13.03,1.99,361,13,1.97,0.21
٧:٠٠:٣٦ م,13.19,1.97,371,13.18,1.96,0.09
٧:٠٠:٣٧ م,13.1,1.93,360,13.12,1.92,0.19
٧:٠٠:٣٨ م,13.07,1.89,339,13.1,1.9,0.17
٧:٠٠:٣٩ م,13.22,1.82,360,13.22,1.8,0
٧:٠٠:٤٠ م,13.1,1.9,363,13.11,1.91,0.09
٧:٠٠:٤١ م,13.27,1.88,374,13.31,1.87,0.23
٧:٠٠:٤٢ م,13.39,1.82,365,13.34,1.84,0.35
٧:٠٠:٤٣ م,13.47,1.78,388,13.5,1.8,0.19
٧:٠٠:٤٤ م,13.61,1.76,369,13.64,1.77,0.23
٧:٠٠:٤٥ م,13.46,1.68,392,13.5,1.69,0.28
٧:٠٠:٤٦ م,13.44,1.73,372,13.49,1.72,0.36
٧:٠٠:٤٧ م,13.52,1.7,348,13.55,1.69,0.2
٧:٠٠:٤٨ م,13.44,1.71,327,13.48,1.71,0.33
٧:٠٠:٤٩ م,13.51,1.7,329,13.5,1.69,0.08
٧:٠٠:٥٠ م,13.41,1.75,308,13.38,1.74,0.22
٧:٠٠:٥١ م,13.6,1.76,289,13.59,1.74,0.07
٧:٠٠:٥٢ م,13.7,1.75,299,13.67,1.73,0.23
٧:٠٠:٥٣ م,13.6,1.77,298,13.61,1.75,0.08
٧:٠٠:٥٤ م,13.57,1.72,321,13.62,1.72,0.3
٧:٠٠:٥٥ م,13.67,1.65,345,13.69,1.65,0.11
٧:٠٠:٥٦ م,13.82,1.73,341,13.81,1.73,0.1
٧:٠٠:٥٧ م,13.69,1.7,332,13.65,1.69,0.31
٧:٠٠:٥٨ م,13.79,1.67,310,13.8,1.7,0.09
٧:٠٠:٥٩ م,13.81,1.77,286,13.82,1.77,0.02
٧:٠١:٠٠ م,13.94,1.73,303,13.93,1.73,0.04
٧:٠١:٠١ م,13.99,1.74,314,13.98,1.72,0.06
٧:٠١:٠٢ م,13.84,1.69,332,13.81,1.71,0.18
٧:٠١:٠٣ م,14,1.66,352,13.99,1.64,0.09
٧:٠١:٠٤ م,13.92,1.61,353,13.89,1.6,0.21
٧:٠١:٠٥ م,13.77,1.63,342,13.79,1.6,0.12
٧:٠١:٠٦ م,13.91,1.56,349,13.91,1.54,0.04
٧:٠١:٠٧ م,14.06,1.65,330,14.06,1.63,0.02
٧:٠١:٠٨ م,14.11,1.64,319,14.12,1.64,0.08
٧:٠١:٠٩ م,14.25,1.59,336,14.21,1.61,0.26
٧:٠١:١٠ م,14.09,1.59,345,14.08,1.57,0.13
٧:٠١:١١ م,14.29,1.57,352,14.28,1.57,0.08
٧:٠١:١٢ م,14.21,1.66,330,14.17,1.66,0.28
٧:٠١:١٣ م,14.31,1.7,352,14.32,1.69,0.01
٧:٠١:١٤ م,14.13,1.72,368,14.08,1.73,0.35
٧:٠١:١٥ م,13.94,1.65,382,13.98,1.66,0.31
٧:٠١:١٦ م,13.92,1.6,370,13.92,1.61,0.01
٧:٠١:١٧ م,13.89,1.57,374,13.87,1.58,0.13
٧:٠١:١٨ م,13.82,1.62,351,13.77,1.6,0.34
٧:٠١:١٩ م,14.01,1.61,346,14.02,1.6,0.03
٧:٠١:٢٠ م,13.97,1.67,355,13.98,1.68,0.12
٧:٠١:٢١ م,13.92,1.62,352,13.97,1.6,0.32
٧:٠١:٢٢ م,14.07,1.64,332,14.06,1.66,0.04
٧:٠١:٢٣ م,14.09,1.69,313,14.05,1.67,0.31
٧:٠١:٢٤ م,14.24,1.73,329,14.19,1.72,0.32
٧:٠١:٢٥ م,14.37,1.74,328,14.36,1.74,0.07
٧:٠١:٢٦ م,14.42,1.68,310,14.41,1.67,0.05
٧:٠١:٢٧ م,14.44,1.6,298,14.43,1.62,0.12
٧:٠١:٢٨ م,14.58,1.6,315,14.63,1.59,0.3
٧:٠١:٢٩ م,14.49,1.56,329,14.52,1.58,0.22
٧:٠١:٣٠ م,14.58,1.56,354,14.53,1.56,0.31
٧:٠١:٣١ م,14.73,1.55,366,14.69,1.54,0.3
٧:٠١:٣٢ م,14.59,1.61,351,14.58,1.62,0.07
٧:٠١:٣٣ م,14.69,1.69,335,14.73,1.7,0.24
٧:٠١:٣٤ م,14.72,1.72,316,14.77,1.73,0.34
٧:٠١:٣٥ م,14.54,1.64,291,14.53,1.63,0.1
٧:٠١:٣٦ م,14.61,1.64,281,14.6,1.63,0.11
٧:٠١:٣٧ م,14.8,1.73,259,14.81,1.73,0.07
٧:٠١:٣٨ م,14.76,1.64,279,14.76,1.66,0.02
٧:٠١:٣٩ م,14.89,1.65,265,14.85,1.67,0.3
٧:٠١:٤٠ م,14.79,1.65,249,14.83,1.66,0.31
٧:٠١:٤١ م,14.89,1.64,255,14.84,1.63,0.3
٧:٠١:٤٢ م,15.06,1.57,262,15.08,1.55,0.14
٧:٠١:٤٣ م,15.03,1.53,285,14.98,1.51,0.33
٧:٠١:٤٤ م,14.98,1.52,286,15.01,1.54,0.22
٧:٠١:٤٦ م,15.14,1.45,279,15.16,1.45,0.18
٧:٠١:٤٧ م,15.32,1.47,302,15.27,1.46,0.32
٧:٠١:٤٨ م,15.52,1.56,308,15.55,1.56,0.18
٧:٠١:٤٩ م,15.69,1.63,284,15.65,1.64,0.27
٧:٠١:٥٠ م,15.67,1.53,272,15.68,1.51,0.07
٧:٠١:٥١ م,15.62,1.47,252,15.65,1.48,0.17
٧:٠١:٥٢ م,15.74,1.47,231,15.71,1.47,0.18
٧:٠١:٥٣ م,15.57,1.38,222,15.61,1.35,0.28
٧:٠١:٥٤ م,15.65,1.44,240,15.68,1.45,0.22
٧:٠١:٥٥ م,15.49,1.37,218,15.44,1.37,0.29
٧:٠١:٥٦ م,15.57,1.34,204,15.6,1.33,0.17
٧:٠١:٥٧ م,15.61,1.34,220,15.61,1.33,0.03
٧:٠١:٥٨ م,15.69,1.35,220,15.74,1.33,0.3
٧:٠١:٥٩ م,15.87,1.33,214,15.86,1.35,0.03
٧:٠٢:٠٠ م,15.82,1.34,189,15.85,1.33,0.19
٧:٠٢:٠١ م,15.86,1.42,211,15.91,1.42,0.3
٧:٠٢:٠٢ م,15.82,1.38,235,15.79,1.41,0.19
٧:٠٢:٠٣ م,15.81,1.47,226,15.81,1.46,0.01
٧:٠٢:٠٤ م,15.94,1.5,209,15.9,1.49,0.25
٧:٠٢:٠٥ م,16.09,1.41,198,16.08,1.4,0.11
٧:٠٢:٠٦ م,15.96,1.31,220,16,1.33,0.25
٧:٠٢:٠٧ م,15.86,1.24,226,15.84,1.24,0.14
٧:٠٢:٠٨ م,15.7,1.34,242,15.72,1.36,0.14
٧:٠٢:٠٩ م,15.85,1.26,258,15.88,1.26,0.15
٧:٠٢:١٠ م,16.03,1.31,246,16.06,1.29,0.16
٧:٠٢:١١ م,15.98,1.23,266,16.01,1.22,0.18
٧:٠٢:١٢ م,15.91,1.2,286,15.9,1.2,0.03
٧:٠٢:١٣ م,15.92,1.27,262,15.96,1.27,0.28
٧:٠٢:١٤ م,16.1,1.27,284,16.13,1.28,0.18
٧:٠٢:١٥ م,16.04,1.22,273,16,1.22,0.29
٧:٠٢:١٦ م,15.94,1.26,291,15.89,1.27,0.28
٧:٠٢:١٧ م,15.76,1.18,308,15.8,1.16,0.26
٧:٠٢:١٨ م,15.72,1.27,327,15.72,1.26,0.03
٧:٠٢:١٩ م,15.64,1.31,344,15.61,1.3,0.2
٧:٠٢:٢٠ م,15.5,1.3,343,15.45,1.31,0.3
٧:٠٢:٢١ م,15.34,1.38,350,15.32,1.38,0.14
٧:٠٢:٢٢ م,15.45,1.46,349,15.49,1.44,0.3
٧:٠٢:٢٣ م,15.58,1.47,350,15.62,1.47,0.2
٧:٠٢:٢٤ م,15.42,1.54,370,15.41,1.54,0.04
٧:٠٢:٢٥ م,15.39,1.64,387,15.36,1.64,0.2
٧:٠٢:٢٦ م,15.52,1.59,388,15.52,1.57,0.01
٧:٠٢:٢٧ م,15.67,1.54,364,15.7,1.55,0.15
٧:٠٢:٢٨ م,15.65,1.63,369,15.67,1.64,0.13
٧:٠٢:٢٩ م,15.72,1.66,378,15.73,1.65,0.08
٧:٠٢:٣٠ م,15.86,1.74,374,15.81,1.74,0.3
٧:٠٢:٣١ م,15.87,1.71,364,15.9,1.69,0.16
٧:٠٢:٣٢ م,15.99,1.8,343,15.98,1.8,0.07
٧:٠٢:٣٣ م,16.08,1.7,328,16.11,1.71,0.21
٧:٠٢:٣٤ م,16.16,1.77,350,16.12,1.78,0.26
٧:٠٢:٣٥ م,16.17,1.76,373,16.16,1.77,0.06
٧:٠٢:٣٦ م,16.28,1.78,372,16.24,1.77,0.25
٧:٠٢:٣٧ م,16.25,1.76,384,16.24,1.77,0.08
٧:٠٢:٣٨ م,16.26,1.78,364,16.26,1.79,0
٧:٠٢:٣٩ م,16.36,1.75,354,16.36,1.76,0
٧:٠٢:٤٠ م,16.33,1.66,353,16.34,1.64,0.06
٧:٠٢:٤١ م,16.14,1.62,351,16.17,1.62,0.17
٧:٠٢:٤٢ م,15.95,1.68,351,15.91,1.67,0.27
٧:٠٢:٤٣ م,16.1,1.67,375,16.13,1.69,0.22
٧:٠٢:٤٤ م,15.98,1.58,370,16,1.59,0.14
٧:٠٢:٤٥ م,16.05,1.67,383,16.04,1.65,0.06
٧:٠٢:٤٦ م,15.96,1.66,392,15.97,1.65,0.11
٧:٠٢:٤٧ م,16.13,1.64,417,16.11,1.66,0.12
٧:٠٢:٤٨ م,15.95,1.67,433,15.95,1.7,0.04
٧:٠٢:٤٩ م,15.9,1.71,452,15.86,1.71,0.24
٧:٠٢:٥٠ م,15.97,1.66,461,15.97,1.66,0.01
٧:٠٢:٥١ م,16.06,1.64,461,16.09,1.65,0.17
٧:٠٢:٥٢ م,16.1,1.57,475,16.1,1.59,0.01
٧:٠٢:٥٣ م,16.21,1.59,486,16.25,1.6,0.23
٧:٠٢:٥٤ م,16.11,1.58,497,16.12,1.6,0.04
٧:٠٢:٥٥ م,16.11,1.5,478,16.08,1.48,0.2
٧:٠٢:٥٦ م,16.14,1.4,492,16.13,1.4,0.07
٧:٠٢:٥٧ م,16.08,1.37,471,16.13,1.38,0.3
٧:٠٢:٥٨ م,16.24,1.33,493,16.25,1.32,0.05
٧:٠٢:٥٩ م,16.38,1.4,471,16.37,1.39,0.09
٧:٠٣:٠٠ م,16.37,1.39,453,16.41,1.38,0.27
٧:٠٣:٠١ م,16.47,1.41,452,16.44,1.39,0.15
٧:٠٣:٠٢ م,16.49,1.44,435,16.52,1.45,0.2
٧:٠٣:٠٣ م,16.67,1.51,444,16.64,1.51,0.13
٧:٠٣:٠٤ م,16.59,1.6,431,16.58,1.6,0.08
٧:٠٣:٠٥ م,16.61,1.54,438,16.65,1.56,0.2
٧:٠٣:٠٦ م,16.47,1.49,456,16.49,1.49,0.15
٧:٠٣:٠٧ م,16.51,1.48,468,16.54,1.48,0.15
٧:٠٣:٠٨ م,16.68,1.42,482,16.65,1.43,0.2
٧:٠٣:٠٩ م,16.82,1.45,458,16.79,1.45,0.21
٧:٠٣:١٠ م,16.69,1.39,450,16.71,1.37,0.11
٧:٠٣:١١ م,16.66,1.44,438,16.64,1.44,0.09
٧:٠٣:١٢ م,16.6,1.34,461,16.58,1.34,0.12
٧:٠٣:١٣ م,16.53,1.44,447,16.51,1.43,0.09
٧:٠٣:١٤ م,16.44,1.38,435,16.4,1.38,0.27
٧:٠٣:١٥ م,16.34,1.35,450,16.31,1.35,0.19
٧:٠٣:١٦ م,16.32,1.31,452,16.27,1.33,0.3
٧:٠٣:١٧ م,16.28,1.31,448,16.28,1.31,0.01
٧:٠٣:١٨ م,16.15,1.31,450,16.12,1.3,0.19
٧:٠٣:١٩ م,15.99,1.38,460,15.94,1.39,0.27
٧:٠٣:٢٠ م,15.85,1.35,485,15.81,1.33,0.26
٧:٠٣:٢١ م,15.94,1.38,465,15.94,1.36,0
٧:٠٣:٢٣ م,15.94,1.36,456,15.91,1.36,0.17
٧:٠٣:٢٤ م,15.97,1.39,462,15.96,1.36,0.05
٧:٠٣:٢٥ م,15.77,1.43,457,15.74,1.44,0.19
٧:٠٣:٢٦ م,15.59,1.4,440,15.56,1.39,0.14
٧:٠٣:٢٧ م,15.6,1.3,458,15.61,1.3,0.02
٧:٠٣:٢٨ م,15.54,1.27,463,15.57,1.27,0.18
٧:٠٣:٢٩ م,15.37,1.26,471,15.39,1.26,0.11
٧:٠٣:٣٠ م,15.44,1.35,493,15.41,1.36,0.2
٧:٠٣:٣١ م,15.28,1.35,470,15.3,1.37,0.08
٧:٠٣:٣٢ م,15.31,1.44,465,15.31,1.41,0
٧:٠٣:٣٣ م,15.11,1.5,469,15.06,1.52,0.32
٧:٠٣:٣٤ م,15.24,1.44,456,15.23,1.42,0.03
٧:٠٣:٣٥ م,15.29,1.48,443,15.29,1.51,0.02
٧:٠٣:٣٦ م,15.11,1.48,461,15.13,1.48,0.13
٧:٠٣:٣٧ م,14.98,1.48,474,14.94,1.48,0.28
٧:٠٣:٣٨ م,15,1.53,478,14.98,1.53,0.13
٧:٠٣:٣٩ م,15.13,1.57,470,15.11,1.58,0.13
٧:٠٣:٤٠ م,15.05,1.62,473,15,1.63,0.29
٧:٠٣:٤١ م,14.9,1.62,465,14.9,1.61,0.02
٧:٠٣:٤٢ م,14.8,1.55,441,14.84,1.55,0.27
٧:٠٣:٤٣ م,14.85,1.58,450,14.84,1.59,0.09
٧:٠٣:٤٤ م,14.92,1.5,430,14.93,1.52,0.07
٧:٠٣:٤٥ م,14.82,1.54,434,14.83,1.52,0.04
٧:٠٣:٤٦ م,14.96,1.45,429,14.96,1.44,0.02
٧:٠٣:٤٧ م,14.91,1.4,438,14.94,1.42,0.21
٧:٠٣:٤٨ م,15.1,1.48,462,15.1,1.48,0.06
٧:٠٣:٤٩ م,15.12,1.39,486,15.08,1.37,0.28
٧:٠٣:٥٠ م,15.17,1.37,481,15.17,1.36,0
٧:٠٣:٥١ م,15.32,1.45,471,15.35,1.45,0.18
٧:٠٣:٥٢ م,15.42,1.38,494,15.39,1.37,0.18
٧:٠٣:٥٣ م,15.28,1.32,496,15.31,1.33,0.22
٧:٠٣:٥٤ م,15.37,1.26,519,15.35,1.24,0.11
٧:٠٣:٥٥ م,15.37,1.34,539,15.32,1.32,0.29
٧:٠٣:٥٦ م,15.43,1.3,527,15.45,1.32,0.12
٧:٠٣:٥٧ م,15.34,1.22,542,15.33,1.22,0.05
٧:٠٣:٥٨ م,15.31,1.29,566,15.33,1.28,0.17
٧:٠٣:٥٩ م,15.34,1.23,544,15.35,1.21,0.02
٧:٠٤:٠٠ م,15.52,1.31,536,15.49,1.32,0.21
٧:٠٤:٠١ م,15.41,1.39,550,15.37,1.41,0.26
٧:٠٤:٠٢ م,15.48,1.4,537,15.47,1.38,0.05
٧:٠٤:٠٣ م,15.6,1.36,528,15.55,1.34,0.31
٧:٠٤:٠٤ م,15.7,1.29,523,15.75,1.28,0.3
٧:٠٤:٠٥ م,15.63,1.26,506,15.58,1.26,0.29
٧:٠٤:٠٦ م,15.45,1.24,515,15.47,1.24,0.13
٧:٠٤:٠٧ م,15.25,1.32,527,15.29,1.3,0.32
٧:٠٤:٠٨ م,15.28,1.26,534,15.24,1.28,0.22
٧:٠٤:٠٩ م,15.43,1.27,533,15.47,1.25,0.28
٧:٠٤:١٠ م,15.5,1.22,558,15.48,1.2,0.14
٧:٠٤:١١ م,15.69,1.23,543,15.74,1.22,0.3
٧:٠٤:١٢ م,15.63,1.26,518,15.64,1.26,0.1
٧:٠٤:١٣ م,15.69,1.32,511,15.68,1.35,0.09
٧:٠٤:١٤ م,15.8,1.24,513,15.78,1.22,0.16
٧:٠٤:١٥ م,15.75,1.17,524,15.72,1.15,0.17
٧:٠٤:١٦ م,15.59,1.14,516,15.57,1.12,0.15
٧:٠٤:١٧ م,15.48,1.16,524,15.43,1.15,0.28
٧:٠٤:١٨ م,15.31,1.07,541,15.28,1.07,0.2
٧:٠٤:١٩ م,15.45,0.99,520,15.47,0.99,0.15
٧:٠٤:٢٠ م,15.44,1.05,511,15.43,1.03,0.1
٧:٠٤:٢١ م,15.48,1.09,503,15.44,1.09,0.29
٧:٠٤:٢٢ م,15.65,1.11,503,15.61,1.13,0.28
٧:٠٤:٢٣ م,15.69,1.18,513,15.72,1.18,0.13
٧:٠٤:٢٤ م,15.68,1.27,494,15.64,1.29,0.29
٧:٠٤:٢٥ م,15.86,1.19,517,15.83,1.19,0.2
٧:٠٤:٢٦ م,16.02,1.19,514,15.98,1.18,0.21
٧:٠٤:٢٧ م,15.85,1.17,517,15.86,1.19,0.04
٧:٠٤:٢٨ م,15.69,1.26,541,15.7,1.26,0.05
٧:٠٤:٢٩ م,15.74,1.27,521,15.73,1.25,0.08
٧:٠٤:٣٠ م,15.63,1.18,518,15.62,1.17,0.09
٧:٠٤:٣١ م,15.52,1.21,505,15.55,1.22,0.14
٧:٠٤:٣٢ م,15.56,1.12,519,15.59,1.14,0.17
٧:٠٤:٣٣ م,15.68,1.07,512,15.67,1.1,0.08
٧:٠٤:٣٤ م,15.48,1.07,537,15.49,1.05,0.06
٧:٠٤:٣٥ م,15.37,1,525,15.39,1.02,0.12
٧:٠٤:٣٦ م,15.57,0.97,549,15.55,0.97,0.09
٧:٠٤:٣٧ م,15.7,1.04,529,15.69,1.04,0.07
٧:٠٤:٣٨ م,15.69,1.01,536,15.69,1.03,0.04
٧:٠٤:٣٩ م,15.81,1.06,531,15.79,1.07,0.14
٧:٠٤:٤٠ م,15.95,0.99,555,15.94,1.01,0.05
٧:٠٤:٤١ م,16.02,0.92,562,16.05,0.93,0.2
٧:٠٤:٤٢ م,16.01,0.84,555,16.04,0.84,0.16
٧:٠٤:٤٣ م,15.93,0.75,549,15.89,0.77,0.26
٧:٠٤:٤٤ م,16.09,0.79,536,16.05,0.81,0.28
٧:٠٤:٤٥ م,16.21,0.8,537,16.19,0.82,0.12
٧:٠٤:٤٦ م,16.23,0.79,526,16.26,0.77,0.17
٧:٠٤:٤٧ م,16.41,0.86,508,16.45,0.85,0.27
٧:٠٤:٤٨ م,16.45,0.85,517,16.46,0.85,0.05
٧:٠٤:٤٩ م,16.31,0.95,526,16.29,0.93,0.14
٧:٠٤:٥٠ م,16.4,0.92,521,16.45,0.93,0.29
٧:٠٤:٥١ م,16.34,0.96,500,16.37,0.94,0.23
٧:٠٤:٥٢ م,16.14,0.98,482,16.17,0.97,0.17
٧:٠٤:٥٣ م,16.02,1.06,505,16.02,1.06,0.04
٧:٠٤:٥٤ م,16.01,1.09,503,15.98,1.1,0.23
٧:٠٤:٥٥ م,16.1,1.1,480,16.15,1.08,0.26
٧:٠٤:٥٦ م,16.05,1.11,467,16.08,1.1,0.19
٧:٠٤:٥٧ م,15.97,1.14,487,16.02,1.16,0.28
٧:٠٤:٥٨ م,16.04,1.1,487,16,1.09,0.28
٧:٠٥:٠٠ م,15.85,1.13,481,15.87,1.11,0.08
٧:٠٥:٠١ م,16.05,1.23,498,16.01,1.21,0.26
٧:٠٥:٠٢ م,15.91,1.21,501,15.92,1.23,0.1
٧:٠٥:٠٣ م,16.02,1.26,513,16.07,1.24,0.27
٧:٠٥:٠٤ م,16.03,1.28,535,16.01,1.26,0.11
٧:٠٥:٠٥ م,15.9,1.19,511,15.86,1.21,0.25
٧:٠٥:٠٦ م,16.02,1.11,534,16.03,1.1,0.09
٧:٠٥:٠٧ م,16.21,1.02,524,16.2,1.04,0.06
٧:٠٥:٠٨ م,16.15,1.05,531,16.19,1.03,0.24
٧:٠٥:٠٩ م,16.13,1.03,547,16.09,1.04,0.25
٧:٠٥:١٠ م,16.11,0.99,564,16.1,0.98,0.1
٧:٠٥:١١ م,16.29,1.03,558,16.29,1.02,0.01
٧:٠٥:١٢ م,16.42,1.08,560,16.42,1.06,0.02
٧:٠٥:١٣ م,16.35,1.02,569,16.39,1,0.27
٧:٠٥:١٤ م,16.43,1.02,576,16.43,1.02,0.04
٧:٠٥:١٥ م,16.24,0.99,565,16.19,1,0.3
٧:٠٥:١٦ م,16.26,1.04,545,16.28,1.04,0.1
٧:٠٥:١٧ م,16.29,0.99,531,16.26,0.97,0.14
٧:٠٥:١٨ م,16.33,1,512,16.38,1,0.28
٧:٠٥:١٩ م,16.38,1.04,517,16.42,1.02,0.27
٧:٠٥:٢٠ م,16.57,1.04,511,16.6,1.03,0.18
٧:٠٥:٢١ م,16.39,0.97,528,16.39,0.95,0.03
٧:٠٥:٢٢ م,16.53,0.89,514,16.48,0.87,0.25
٧:٠٥:٢٣ م,16.42,0.79,523,16.45,0.81,0.15
٧:٠٥:٢٤ م,16.3,0.74,504,16.34,0.72,0.23
٧:٠٥:٢٥ م,16.35,0.74,510,16.36,0.76,0.08
٧:٠٥:٢٦ م,16.45,0.79,490,16.5,0.77,0.29
٧:٠٥:٢٧ م,16.54,0.89,479,16.55,0.9,0.05
٧:٠٥:٢٨ م,16.4,0.9,460,16.42,0.88,0.1
٧:٠٥:٢٩ م,16.26,0.85,458,16.22,0.83,0.26
٧:٠٥:٣٠ م,16.24,0.93,462,16.27,0.94,0.15
٧:٠٥:٣١ م,16.41,0.85,467,16.44,0.85,0.17
٧:٠٥:٣٢ م,16.28,0.75,476,16.23,0.77,0.3
٧:٠٥:٣٣ م,16.4,0.76,476,16.36,0.78,0.24
٧:٠٥:٣٤ م,16.41,0.8,494,16.45,0.81,0.25
٧:٠٥:٣٥ م,16.37,0.81,472,16.33,0.81,0.23
٧:٠٥:٣٦ م,16.33,0.76,491,16.35,0.78,0.12
٧:٠٥:٣٧ م,16.3,0.8,467,16.27,0.81,0.17
٧:٠٥:٣٨ م,16.19,0.89,466,16.15,0.89,0.28
٧:٠٥:٣٩ م,16.24,0.85,482,16.26,0.85,0.13
٧:٠٥:٤٠ م,16.07,0.9,476,16.09,0.9,0.11
٧:٠٥:٤١ م,15.94,0.91,464,15.92,0.9,0.15
٧:٠٥:٤٢ م,16.01,0.98,451,16.05,1.01,0.3
٧:٠٥:٤٣ م,16.2,0.99,435,16.16,0.99,0.23
٧:٠٥:٤٤ م,16.03,1.02,433,16.06,1.01,0.2
٧:٠٥:٤٥ م,15.87,1.09,422,15.9,1.1,0.15
٧:٠٥:٤٦ م,15.97,0.99,406,16,0.99,0.2
٧:٠٥:٤٧ م,15.89,0.91,417,15.93,0.94,0.22
٧:٠٥:٤٨ م,15.87,0.84,413,15.82,0.84,0.3
٧:٠٥:٤٩ م,15.77,0.82,428,15.82,0.84,0.31
٧:٠٥:٥٠ م,15.59,0.76,439,15.62,0.77,0.21
٧:٠٥:٥١ م,15.52,0.67,463,15.52,0.67,0.05
٧:٠٥:٥٢ م,15.51,0.76,448,15.49,0.74,0.12
٧:٠٥:٥٣ م,15.56,0.83,468,15.61,0.82,0.29
٧:٠٥:٥٤ م,15.75,0.85,462,15.74,0.87,0.08
٧:٠٥:٥٥ م,15.82,0.93,437,15.85,0.94,0.17
